Dates,USGG12M Index,USGG2YR Index,USGG3YR Index,USGG5YR Index,USGG7YR Index,USGG10YR Index,USGG30YR Index
12/31/2014,0.2132,0.6645,1.0701,1.6528,1.9712,2.1712,2.7518
1/1/2015,0.2132,0.6645,1.0701,1.6528,1.9712,2.1712,2.7518
1/2/2015,0.2183,0.6647,1.0567,1.607,1.9138,2.1105,2.688
1/5/2015,0.2132,0.6568,1.0378,1.5645,1.8448,2.032,2.5987
1/6/2015,0.2031,0.625,0.9837,1.478,1.7572,1.9402,2.5023
1/7/2015,0.2438,0.6091,0.9729,1.4779,1.7736,1.9677,2.5289
1/8/2015,0.2285,0.6051,0.9701,1.4909,1.8065,2.0179,2.5993
1/9/2015,0.1929,0.561,0.9158,1.419,1.7305,1.9449,2.5281
1/12/2015,0.1827,0.5449,0.8859,1.3799,1.6833,1.907,2.4965
1/13/2015,0.1827,0.5388,0.8909,1.3684,1.6714,1.9,2.4992
1/14/2015,0.1624,0.5006,0.838,1.3196,1.6267,1.8553,2.4685
1/15/2015,0.1472,0.4122,0.7114,1.1613,1.4774,1.7149,2.3677
1/16/2015,0.1573,0.4835,0.8219,1.3026,1.6117,1.8368,2.4531
1/19/2015,0.1573,0.4835,0.8219,1.3026,1.6117,1.8368,2.4531
1/20/2015,0.1573,0.4914,0.8298,1.2797,1.5834,1.788,2.3777
1/21/2015,0.1573,0.5074,0.8697,1.3494,1.6653,1.8717,2.4614
1/22/2015,0.1573,0.5174,0.891,1.3639,1.6675,1.8631,2.4385
1/23/2015,0.1472,0.4864,0.851,1.308,1.6011,1.7968,2.3735
1/26/2015,0.1522,0.5107,0.8723,1.3372,1.6339,1.8241,2.3972
1/27/2015,0.1472,0.5105,0.8696,1.3354,1.6266,1.8231,2.3999
1/28/2015,0.1472,0.4654,0.8001,1.2391,1.5256,1.7207,2.2908
1/29/2015,0.1472,0.5158,0.8268,1.2698,1.5558,1.7512,2.3148
1/30/2015,0.137,0.4488,0.7355,1.1548,1.4599,1.6407,2.2222
2/2/2015,0.1421,0.4586,0.7595,1.1789,1.4835,1.6642,2.2503
2/3/2015,0.1675,0.5079,0.8346,1.2889,1.6068,1.7915,2.3792
2/4/2015,0.1929,0.4842,0.7996,1.2484,1.5616,1.7513,2.3481
2/5/2015,0.1929,0.5198,0.848,1.3036,1.6235,1.8204,2.4318
2/6/2015,0.2438,0.6435,1.0106,1.4788,1.7823,1.9567,2.5287
2/9/2015,0.2336,0.6517,1.0324,1.5069,1.8041,1.9775,2.5528
2/10/2015,0.2285,0.6499,1.0217,1.512,1.8139,1.9967,2.5763
2/11/2015,0.2285,0.6642,1.0664,1.5419,1.8456,2.0176,2.5863
2/12/2015,0.2234,0.6242,1.0159,1.4908,1.802,1.9844,2.5755
2/13/2015,0.2183,0.6411,1.0425,1.5377,1.8584,2.0504,2.6478
2/16/2015,0.2183,0.6411,1.0425,1.5377,1.8584,2.0504,2.6478
2/17/2015,0.2183,0.6615,1.0851,1.6059,1.9442,2.1379,2.7268
2/18/2015,0.198,0.597,1.008,1.5181,1.8685,2.08,2.7102
2/19/2015,0.2082,0.6174,1.0426,1.5764,1.92,2.1142,2.7339
2/20/2015,0.2082,0.6321,1.0507,1.5852,1.9205,2.1117,2.7142
2/23/2015,0.2031,0.6017,1.0187,1.5404,1.8667,2.0574,2.6572
2/24/2015,0.1827,0.5529,0.9572,1.4559,1.7815,1.98,2.5918
2/25/2015,0.1827,0.6026,0.9652,1.4527,1.7767,1.9688,2.5698
2/26/2015,0.198,0.6461,1.0214,1.5365,1.8475,2.0295,2.6294
2/27/2015,0.1878,0.6184,0.9973,1.4988,1.8169,1.993,2.5903
3/2/2015,0.1929,0.6621,1.0484,1.5743,1.901,2.082,2.6814
3/3/2015,0.2132,0.6782,1.0727,1.6056,1.9349,2.1189,2.7143
3/4/2015,0.2393,0.6546,1.0458,1.5876,1.9253,2.1172,2.7198
3/5/2015,0.2291,0.6389,1.035,1.5729,1.9132,2.1154,2.7285
3/6/2015,0.2597,0.7234,1.1409,1.6939,2.0397,2.2414,2.8409
3/9/2015,0.2393,0.6917,1.103,1.6493,1.9911,2.1907,2.798
3/10/2015,0.2291,0.6799,1.0705,1.6081,1.9377,2.1297,2.7231
3/11/2015,0.2342,0.6802,1.0956,1.6049,1.9257,2.1086,2.6853
3/12/2015,0.2342,0.6644,1.0797,1.5968,1.9233,2.1156,2.6995
3/13/2015,0.2342,0.657,1.0664,1.5839,1.9162,2.114,2.6987
3/16/2015,0.2393,0.6491,1.0531,1.5526,1.88,2.0717,2.6449
3/17/2015,0.2546,0.6716,1.0665,1.5527,1.8631,2.0507,2.6026
3/18/2015,0.1934,0.5525,0.9097,1.3881,1.714,1.9199,2.5104
3/19/2015,0.2393,0.6092,0.9867,1.467,1.7764,1.9685,2.5291
3/20/2015,0.2138,0.5812,0.9413,1.4144,1.7283,1.9303,2.5059
3/23/2015,0.2138,0.5691,0.9226,1.3897,1.7068,1.912,2.5141
3/24/2015,0.2138,0.557,0.9012,1.3602,1.6732,1.8731,2.4643
3/25/2015,0.2342,0.6023,0.9412,1.4145,1.7259,1.925,2.5074
3/26/2015,0.2546,0.6102,0.9545,1.4579,1.7812,1.9894,2.5798
3/27/2015,0.2393,0.5944,0.9302,1.4351,1.7619,1.9615,2.5404
3/30/2015,0.2444,0.5787,0.906,1.4026,1.7381,1.9475,2.5479
3/31/2015,0.2291,0.5551,0.8791,1.3701,1.7072,1.9231,2.5359
4/1/2015,0.2342,0.5355,0.8495,1.3182,1.6455,1.8573,2.4651
4/2/2015,0.2342,0.5396,0.8571,1.3506,1.6881,1.9117,2.5321
4/3/2015,0.1985,0.4762,0.7789,1.2533,1.5957,1.8389,2.4858
4/6/2015,0.1985,0.496,0.8058,1.3035,1.6501,1.8952,2.5532
4/7/2015,0.2087,0.5159,0.8272,1.3213,1.6595,1.8848,2.5179
4/8/2015,0.2138,0.5318,0.8743,1.3473,1.6785,1.9047,2.5291
4/9/2015,0.2189,0.5478,0.9061,1.3978,1.7309,1.9596,2.5981
4/10/2015,0.2189,0.556,0.9114,1.3946,1.7237,1.9473,2.5791
4/13/2015,0.2138,0.528,0.8822,1.3668,1.6974,1.9272,2.573
4/14/2015,0.2087,0.512,0.8584,1.3374,1.6688,1.8985,2.5427
4/15/2015,0.1934,0.496,0.8373,1.3145,1.6473,1.888,2.5397
4/16/2015,0.1985,0.4839,0.8188,1.2998,1.6402,1.8897,2.5753
4/17/2015,0.2036,0.5081,0.8402,1.3062,1.6353,1.8653,2.5194
4/20/2015,0.2087,0.5202,0.8483,1.3176,1.6495,1.8896,2.5624
4/21/2015,0.2036,0.5162,0.8484,1.3307,1.6662,1.9087,2.5806
4/22/2015,0.2138,0.5446,0.8939,1.393,1.7379,1.9788,2.6616
4/23/2015,0.2087,0.5284,0.8726,1.3651,1.7139,1.9577,2.653
4/24/2015,0.2087,0.5041,0.8301,1.3142,1.6636,1.9086,2.6098
4/27/2015,0.2138,0.5163,0.8516,1.3371,1.6803,1.9208,2.6121
4/28/2015,0.2138,0.561,0.8946,1.4013,1.7547,2.0034,2.7031
4/29/2015,0.224,0.557,0.8921,1.4221,1.7837,2.0388,2.7523
4/30/2015,0.224,0.567,0.9003,1.4254,1.7906,2.0317,2.7404
5/1/2015,0.2291,0.595,0.9466,1.4989,1.8746,2.1135,2.8273
5/4/2015,0.224,0.5991,0.9414,1.5023,1.8891,2.144,2.8765
5/5/2015,0.2291,0.623,0.9876,1.5499,1.935,2.1853,2.9122
5/6/2015,0.2393,0.6351,1.0095,1.5862,1.9835,2.2431,2.9929
5/7/2015,0.2342,0.6313,1.0098,1.5616,1.9375,2.18,2.9105
5/8/2015,0.2189,0.5719,0.9261,1.4879,1.8821,2.1478,2.9006
5/11/2015,0.2291,0.616,0.9944,1.6,2.0107,2.2797,3.041
5/12/2015,0.224,0.5961,0.97,1.5621,1.9767,2.2489,3.0127
5/13/2015,0.2138,0.5762,0.9682,1.5655,2.006,2.2926,3.087
5/14/2015,0.1985,0.5441,0.918,1.5046,1.9453,2.2301,3.0497
5/15/2015,0.1934,0.5363,0.9019,1.4603,1.8727,2.1424,2.9292
5/18/2015,0.1985,0.5767,0.9601,1.5362,1.9577,2.2337,3.0295
5/19/2015,0.2036,0.6133,1.0133,1.6026,2.0188,2.2886,3.0753
5/20/2015,0.1934,0.585,0.976,1.5513,1.9676,2.2479,3.0471
5/21/2015,0.1883,0.573,0.9467,1.5117,1.9142,2.1898,2.9881
5/22/2015,0.2036,0.6142,0.9946,1.5617,1.9534,2.2092,2.9841
5/25/2015,0.2036,0.6142,0.9946,1.5617,1.9534,2.2092,2.9841
5/26/2015,0.2189,0.6123,0.9759,1.5203,1.8926,2.139,2.8981
5/27/2015,0.224,0.6485,0.9866,1.5303,1.8926,2.1285,2.8673
5/28/2015,0.2495,0.6289,0.9571,1.5163,1.8854,2.1355,2.8873
5/29/2015,0.2444,0.6053,0.9247,1.4853,1.8654,2.1214,2.8818
6/1/2015,0.2444,0.6447,0.9784,1.5457,1.9254,2.1794,2.9338
6/2/2015,0.2444,0.6527,1.0027,1.6063,2.0049,2.2624,3.0143
6/3/2015,0.2495,0.6725,1.0459,1.6869,2.1069,2.3642,3.1022
6/4/2015,0.2495,0.6607,1.0216,1.6409,2.0511,2.307,3.0407
6/5/2015,0.2597,0.7087,1.0949,1.7402,2.1586,2.4076,3.1136
6/8/2015,0.2495,0.6808,1.0624,1.7055,2.122,2.3824,3.1144
6/9/2015,0.2495,0.7169,1.1059,1.7537,2.1735,2.4384,3.1663
6/10/2015,0.2546,0.725,1.1436,1.7854,2.2105,2.4838,3.2156
6/11/2015,0.2546,0.7131,1.1144,1.7257,2.1247,2.3772,3.0957
6/12/2015,0.2546,0.7256,1.1356,1.7444,2.1446,2.3918,3.103
6/15/2015,0.2495,0.7015,1.1037,1.7013,2.1006,2.3559,3.0851
6/16/2015,0.2495,0.6855,1.0771,1.6599,2.0591,2.3093,3.0407
6/17/2015,0.2342,0.6492,1.0293,1.6252,2.0421,2.3165,3.0932
6/18/2015,0.2189,0.6331,1.0133,1.6253,2.0592,2.3345,3.1292
6/19/2015,0.2189,0.6169,0.9837,1.5709,1.9863,2.2577,3.0471
6/22/2015,0.2291,0.6575,1.0475,1.6671,2.0987,2.3725,3.1606
6/23/2015,0.2495,0.6779,1.0635,1.6955,2.1331,2.4087,3.1964
6/24/2015,0.2853,0.6802,1.0394,1.6656,2.0964,2.3672,3.1458
6/25/2015,0.2802,0.688,1.058,1.7101,2.1309,2.4088,3.1756
6/26/2015,0.2802,0.7117,1.0873,1.7545,2.2,2.4726,3.2402
6/29/2015,0.2597,0.6329,0.9773,1.6217,2.0504,2.3242,3.0998
6/30/2015,0.2648,0.6427,1.004,1.6479,2.0792,2.3531,3.1236
7/1/2015,0.2699,0.6882,1.063,1.7053,2.1443,2.4219,3.2015
7/2/2015,0.2444,0.627,0.9899,1.6315,2.0839,2.3823,3.1865
7/3/2015,0.2444,0.627,0.9899,1.6315,2.0839,2.3823,3.1865
7/6/2015,0.2342,0.5892,0.9332,1.5563,1.9949,2.285,3.0827
7/7/2015,0.2291,0.5852,0.9277,1.5464,1.9733,2.2582,3.0399
7/8/2015,0.2189,0.5414,0.9094,1.4876,1.9063,2.1922,2.9745
7/9/2015,0.224,0.5851,0.9677,1.5856,2.0212,2.3211,3.1203
7/10/2015,0.2444,0.637,1.0261,1.6562,2.0983,2.3972,3.1899
7/13/2015,0.2495,0.6772,1.074,1.7173,2.1589,2.4538,3.2362
7/14/2015,0.2444,0.637,1.0288,1.6579,2.0983,2.401,3.1958
7/15/2015,0.2393,0.625,1.0103,1.6249,2.0547,2.3521,3.1385
7/16/2015,0.2495,0.6552,1.0397,1.653,2.0668,2.3503,3.1089
7/17/2015,0.2546,0.6655,1.0508,1.6695,2.0739,2.3469,3.0828
7/20/2015,0.2801,0.7061,1.0911,1.706,2.1103,2.3723,3.0942
7/21/2015,0.2852,0.6778,1.0511,1.653,2.0569,2.3253,3.0617
7/22/2015,0.3312,0.7063,1.0808,1.6713,2.0618,2.3235,3.0367
7/23/2015,0.321,0.6942,1.0568,1.6332,2.0133,2.2677,2.9673
7/24/2015,0.3159,0.6781,1.0385,1.6183,2.0035,2.2624,2.9618
7/27/2015,0.3057,0.6495,0.9956,1.562,1.9456,2.2175,2.9327
7/28/2015,0.3159,0.668,1.0199,1.5885,1.9793,2.2499,2.965
7/29/2015,0.3159,0.7038,1.0335,1.6133,2.0107,2.2859,2.9975
7/30/2015,0.3414,0.7275,1.0499,1.6201,1.9961,2.2589,2.9429
7/31/2015,0.3108,0.6606,0.972,1.5287,1.9137,2.1801,2.9061
8/3/2015,0.3159,0.6646,0.9748,1.5157,1.8921,2.148,2.852
8/4/2015,0.3567,0.7322,1.0615,1.6037,1.9711,2.2213,2.8968
8/5/2015,0.3619,0.7263,1.078,1.6446,2.0217,2.2699,2.9437
8/6/2015,0.3363,0.7006,1.0564,1.6102,1.9783,2.2214,2.8914
8/7/2015,0.3567,0.7169,1.0514,1.5709,1.9206,2.1623,2.8191
8/10/2015,0.367,0.721,1.068,1.6102,1.9759,2.2269,2.896
8/11/2015,0.3516,0.673,0.9972,1.5233,1.8846,2.1409,2.8092
8/12/2015,0.3516,0.6651,1.0159,1.5217,1.8893,2.148,2.8397
8/13/2015,0.3721,0.7073,1.0611,1.5724,1.9325,2.1854,2.855
8/14/2015,0.3772,0.7218,1.0797,1.597,1.9517,2.1977,2.8416
8/17/2015,0.372,0.7058,1.0585,1.5673,1.9203,2.1678,2.8176
8/18/2015,0.372,0.718,1.0639,1.5788,1.9396,2.1925,2.8555
8/19/2015,0.3823,0.6574,0.9947,1.4999,1.8602,2.1256,2.8153
8/20/2015,0.3721,0.6533,0.984,1.4687,1.8123,2.0679,2.7429
8/21/2015,0.3517,0.6128,0.9413,1.4275,1.7763,2.0365,2.7233
8/24/2015,0.3159,0.568,0.8879,1.3669,1.7381,2.0034,2.7293
8/25/2015,0.3261,0.6005,0.9251,1.4175,1.7976,2.0714,2.7992
8/26/2015,0.3414,0.672,0.9732,1.4814,1.8863,2.1752,2.9316
8/27/2015,0.3465,0.6878,0.9866,1.4987,1.8935,2.1841,2.9237
8/28/2015,0.367,0.7156,1.0215,1.5118,1.9061,2.1807,2.9119
8/31/2015,0.3772,0.7375,1.0511,1.5478,1.947,2.2179,2.9619
9/1/2015,0.3619,0.704,1.008,1.4874,1.8822,2.1524,2.915
9/2/2015,0.3414,0.7081,1.0134,1.5087,1.9086,2.1843,2.9539
9/3/2015,0.3363,0.6923,0.9865,1.4826,1.8798,2.1596,2.9348
9/4/2015,0.3465,0.7067,0.9864,1.4664,1.851,2.1244,2.8836
9/7/2015,0.3465,0.7067,0.9864,1.4664,1.851,2.1244,2.8836
9/8/2015,0.3618,0.7327,1.0325,1.5173,1.9038,2.1828,2.9555
9/9/2015,0.3618,0.7409,1.0637,1.5306,1.9134,2.2006,2.9611
9/10/2015,0.3669,0.733,1.0584,1.5471,1.9303,2.222,2.9852
9/11/2015,0.3618,0.7053,1.0292,1.5128,1.8894,2.1883,2.9524
9/14/2015,0.372,0.7256,1.0318,1.5095,1.8846,2.1831,2.9555
9/15/2015,0.4487,0.8024,1.1196,1.6104,1.9934,2.2867,3.0674
9/16/2015,0.4642,0.8108,1.1277,1.6089,2.0007,2.294,3.0822
9/17/2015,0.3517,0.6795,0.9841,1.4784,1.8846,2.1903,3.0054
9/18/2015,0.3414,0.6777,0.9787,1.444,1.8364,2.1336,2.9356
9/21/2015,0.3465,0.7062,1.0187,1.4935,1.8967,2.2012,3.0216
9/22/2015,0.3363,0.6738,0.9733,1.4292,1.822,2.1337,2.9428
9/23/2015,0.3261,0.6993,0.992,1.4474,1.8436,2.1497,2.9452
9/24/2015,0.3159,0.6798,0.9733,1.4498,1.8219,2.1266,2.9166
9/25/2015,0.321,0.6918,0.9892,1.4742,1.8624,2.1623,2.9556
9/28/2015,0.3159,0.6683,0.9571,1.4189,1.7953,2.0949,2.8757
9/29/2015,0.321,0.6486,0.9249,1.3766,1.75,2.0508,2.853
9/30/2015,0.3108,0.6289,0.9007,1.3572,1.7357,2.0368,2.8538
10/1/2015,0.2904,0.6447,0.914,1.3653,1.7452,2.0368,2.8499
10/2/2015,0.2291,0.5794,0.8439,1.2955,1.6833,1.9929,2.8274
10/5/2015,0.2342,0.6052,0.876,1.3425,1.7381,2.0562,2.8969
10/6/2015,0.2291,0.6012,0.8732,1.3246,1.7095,2.0315,2.8686
10/7/2015,0.2393,0.625,0.9253,1.3701,1.75,2.0668,2.8945
10/8/2015,0.2342,0.633,0.9412,1.3962,1.7811,2.104,2.9397
10/9/2015,0.2444,0.637,0.9465,1.3978,1.7739,2.0881,2.9174
10/12/2015,0.2444,0.637,0.9465,1.3978,1.7739,2.0881,2.9174
10/13/2015,0.2291,0.617,0.9147,1.3537,1.7308,2.0439,2.8843
10/14/2015,0.2087,0.5487,0.8327,1.269,1.6474,1.9718,2.8344
10/15/2015,0.2087,0.5968,0.8935,1.3325,1.7021,2.0175,2.8624
10/16/2015,0.2087,0.6088,0.9042,1.352,1.726,2.0334,2.8812
10/19/2015,0.2138,0.5866,0.8803,1.3373,1.7188,2.0228,2.8796
10/20/2015,0.2189,0.629,0.9229,1.3881,1.774,2.067,2.9166
10/21/2015,0.2189,0.6209,0.9043,1.352,1.7283,2.0228,2.8647
10/22/2015,0.2138,0.6006,0.891,1.352,1.7355,2.0263,2.8608
10/23/2015,0.2342,0.6413,0.9445,1.4161,1.8005,2.0866,2.9008
10/26/2015,0.2444,0.6372,0.9312,1.3947,1.7764,2.0564,2.8686
10/27/2015,0.275,0.6209,0.9044,1.3651,1.7451,2.037,2.8592
10/28/2015,0.3108,0.7029,1.0011,1.4674,1.832,2.1009,2.8788
10/29/2015,0.3057,0.7236,1.0335,1.5332,1.9,2.1725,2.9589
10/30/2015,0.321,0.724,1.0232,1.5185,1.8846,2.1421,2.9222
11/2/2015,0.3414,0.7531,1.0585,1.5529,1.9158,2.1709,2.9437
11/3/2015,0.3516,0.7657,1.0885,1.5892,1.9567,2.2105,2.9919
11/4/2015,0.3721,0.8116,1.1376,1.6338,1.9833,2.225,2.9903
11/5/2015,0.3874,0.8256,1.1323,1.6306,1.9833,2.2323,3
11/6/2015,0.4334,0.8859,1.2178,1.7304,2.0854,2.3252,3.0853
11/9/2015,0.4334,0.8821,1.229,1.7389,2.1001,2.3436,3.1077
11/10/2015,0.4385,0.8744,1.234,1.7227,2.0929,2.3419,3.1152
11/11/2015,0.4943,0.8744,1.234,1.7227,2.0929,2.3301,3.1152
11/12/2015,0.5051,0.8706,1.2287,1.7129,2.0784,2.3116,3.0894
11/13/2015,0.4795,0.8347,1.1782,1.6519,2.0274,2.2658,3.0519
11/16/2015,0.4744,0.851,1.1861,1.652,2.0274,2.2676,3.0616
11/17/2015,0.4846,0.8511,1.186,1.6538,2.0251,2.2658,3.0543
11/18/2015,0.4744,0.8756,1.2126,1.6839,2.0373,2.2728,3.0423
11/19/2015,0.4642,0.8921,1.2152,1.6741,2.0203,2.2482,3.0103
11/20/2015,0.4744,0.9172,1.2393,1.6862,2.0326,2.2623,3.0199
11/23/2015,0.4744,0.9174,1.2366,1.6714,2.0083,2.2377,2.992
11/24/2015,0.4795,0.9303,1.2339,1.6649,2.0035,2.2377,3.0024
11/25/2015,0.4795,0.9343,1.2392,1.6708,2.006,2.2341,2.9944
11/26/2015,0.4795,0.9343,1.2392,1.6708,2.0102,2.2341,2.9944
11/27/2015,0.4743,0.9185,1.2122,1.6446,1.9856,2.2201,2.9968
11/30/2015,0.4795,0.9304,1.2203,1.6446,1.988,2.206,2.9723
12/1/2015,0.4743,0.9067,1.1825,1.5858,1.9209,2.1431,2.9019
12/2/2015,0.4948,0.9345,1.2121,1.6332,1.9663,2.1797,2.9081
12/3/2015,0.5409,0.9505,1.2499,1.7333,2.0942,2.3136,3.0543
12/4/2015,0.5665,0.9388,1.2391,1.7055,2.0579,2.2693,3.0095
12/7/2015,0.6434,0.9269,1.22,1.6709,2.0144,2.2288,2.9612
12/8/2015,0.6844,0.929,1.22,1.6611,2,2.2182,2.9549
12/9/2015,0.6949,0.923,1.2314,1.643,1.9903,2.2164,2.9738
12/10/2015,0.6898,0.9432,1.2553,1.6776,2.0217,2.2305,2.9675
12/11/2015,0.6538,0.875,1.1597,1.5527,1.9085,2.127,2.8709
12/14/2015,0.6692,0.9435,1.2473,1.653,2.012,2.2217,2.9517
12/15/2015,0.6743,0.9639,1.2846,1.6926,2.0532,2.2658,2.9856
12/16/2015,0.6846,1.0025,1.3381,1.7473,2.1043,2.296,3.0039
12/17/2015,0.6692,0.9844,1.3141,1.7026,2.0314,2.2234,2.9275
12/18/2015,0.6486,0.9522,1.2821,1.6762,2.0072,2.204,2.922
12/21/2015,0.6332,0.9442,1.2741,1.6679,1.9999,2.1917,2.9103
12/22/2015,0.6281,0.9729,1.3009,1.7044,2.0436,2.2357,2.9556
12/23/2015,0.6178,0.9812,1.3117,1.7194,2.0582,2.2534,2.988
12/24/2015,0.6178,0.9983,1.3173,1.713,2.051,2.241,2.9603
12/25/2015,0.6178,0.9983,1.3173,1.713,2.051,2.241,2.9603
12/28/2015,0.628,1.0067,1.3201,1.718,2.0437,2.2304,2.943
12/29/2015,0.6383,1.0911,1.3689,1.7849,2.1146,2.305,3.0359
12/30/2015,0.5973,1.0713,1.3419,1.7927,2.1097,2.2943,3.0335
12/31/2015,0.5972,1.0477,1.3069,1.7598,2.0912,2.2694,3.0158
1/1/2016,0.5972,1.0477,1.3069,1.7598,2.0912,2.2694,3.0158
1/4/2016,0.5767,1.0358,1.3015,1.7336,2.0598,2.2428,2.9872
1/5/2016,0.5562,1.0139,1.288,1.7122,2.0454,2.2357,2.9951
1/6/2016,0.659,0.976,1.2391,1.6417,1.9757,2.1702,2.9375
1/7/2016,0.6384,0.948,1.2037,1.5992,1.9398,2.1455,2.9258
1/8/2016,0.6179,0.9318,1.1764,1.5597,1.9014,2.1156,2.9094
1/11/2016,0.6128,0.9317,1.1872,1.5939,1.9419,2.1754,2.9682
1/12/2016,0.6127,0.9235,1.1572,1.5399,1.8726,2.1032,2.8815
1/13/2016,0.5922,0.9073,1.1595,1.5251,1.8653,2.0927,2.8822
1/14/2016,0.5307,0.8911,1.133,1.5071,1.8581,2.0874,2.8869
1/15/2016,0.4641,0.85,1.0824,1.4527,1.7958,2.0347,2.814
1/18/2016,0.4641,0.85,1.0824,1.4527,1.7958,2.0347,2.814
1/19/2016,0.459,0.87,1.1063,1.4852,1.8195,2.0556,2.8262
1/20/2016,0.4181,0.8212,1.0503,1.4165,1.7387,1.9824,2.753
1/21/2016,0.4385,0.8331,1.0636,1.4424,1.7741,2.0311,2.8109
1/22/2016,0.459,0.8691,1.1009,1.4812,1.807,2.0519,2.8238
1/25/2016,0.4385,0.8567,1.0767,1.4385,1.7617,2.0012,2.7844
1/26/2016,0.4539,0.8401,1.0633,1.4269,1.7497,1.9942,2.7844
1/27/2016,0.4436,0.833,1.0498,1.4104,1.7448,1.9993,2.801
1/28/2016,0.4487,0.8172,1.0256,1.3994,1.7209,1.9784,2.7851
1/29/2016,0.4487,0.7737,0.9663,1.328,1.6669,1.9209,2.7438
2/1/2016,0.4641,0.7975,0.9957,1.3636,1.7072,1.9486,2.7618
2/2/2016,0.4538,0.7183,0.9016,1.26,1.5983,1.8448,2.656
2/3/2016,0.5359,0.7223,0.904,1.2745,1.6242,1.8861,2.7126
2/4/2016,0.5154,0.6984,0.8662,1.2292,1.5722,1.8395,2.6757
2/5/2016,0.5307,0.7221,0.8951,1.2403,1.5696,1.8357,2.6683
2/8/2016,0.5051,0.6662,0.8303,1.1578,1.4849,1.7483,2.5764
2/9/2016,0.5051,0.6901,0.8354,1.1529,1.4731,1.726,2.5493
2/10/2016,0.5051,0.686,0.8346,1.1205,1.4192,1.6681,2.4872
2/11/2016,0.4642,0.6499,0.824,1.1317,1.4098,1.6591,2.4977
2/12/2016,0.4846,0.7137,0.9009,1.2104,1.503,1.7481,2.604
2/15/2016,0.4846,0.7137,0.9009,1.2104,1.503,1.7481,2.604
2/16/2016,0.4897,0.7197,0.9011,1.2152,1.5171,1.7723,2.6393
2/17/2016,0.5102,0.7419,0.9305,1.2639,1.5713,1.819,2.6875
2/18/2016,0.5051,0.6933,0.8614,1.1972,1.4957,1.7396,2.6086
2/19/2016,0.5102,0.7418,0.9044,1.2246,1.5119,1.7449,2.6048
2/22/2016,0.5255,0.75,0.9072,1.231,1.5213,1.7518,2.604
2/23/2016,0.5255,0.7337,0.886,1.1967,1.4905,1.7225,2.5789
2/24/2016,0.5358,0.7539,0.8968,1.2162,1.5116,1.7484,2.6056
2/25/2016,0.5306,0.7264,0.8595,1.1702,1.4738,1.7157,2.5941
2/26/2016,0.5665,0.7934,0.9269,1.2398,1.535,1.7623,2.6363
2/29/2016,0.5972,0.7737,0.8921,1.2123,1.5165,1.7347,2.6156
3/1/2016,0.6331,0.8391,0.973,1.3163,1.6281,1.8249,2.6978
3/2/2016,0.6521,0.8412,0.9867,1.3393,1.652,1.8406,2.6845
3/3/2016,0.6469,0.8452,0.9924,1.3426,1.6473,1.8337,2.658
3/4/2016,0.652,0.8616,1.0256,1.3741,1.6786,1.8741,2.6947
3/7/2016,0.6674,0.9057,1.0721,1.4169,1.7074,1.9057,2.7057
3/8/2016,0.652,0.8659,1.0234,1.3399,1.6332,1.8287,2.6348
3/9/2016,0.6571,0.8901,1.069,1.3827,1.6812,1.876,2.662
3/10/2016,0.6622,0.9265,1.1222,1.4454,1.751,1.9323,2.6947
3/11/2016,0.6878,0.9554,1.1541,1.4922,1.79,1.9839,2.7532
3/14/2016,0.6878,0.9557,1.1435,1.4775,1.7707,1.9592,2.7318
3/15/2016,0.6929,0.9641,1.1542,1.4909,1.783,1.9699,2.731
3/16/2016,0.6264,0.855,1.0372,1.3803,1.6937,1.9081,2.7105
3/17/2016,0.6315,0.8633,1.0372,1.3722,1.6841,1.8958,2.6854
3/18/2016,0.6059,0.8353,1,1.333,1.653,1.8732,2.6753
3/21/2016,0.611,0.872,1.0427,1.3777,1.6964,1.9155,2.7169
3/22/2016,0.611,0.8865,1.0695,1.4143,1.7328,1.9403,2.7224
3/23/2016,0.6058,0.852,1.0267,1.3548,1.6652,1.8786,2.6582
3/24/2016,0.6058,0.8689,1.0429,1.3785,1.6896,1.9,2.673
3/25/2016,0.6058,0.8689,1.0429,1.3785,1.6896,1.9,2.673
3/28/2016,0.616,0.865,1.0349,1.3637,1.6752,1.886,2.6567
3/29/2016,0.5802,0.7843,0.9356,1.2696,1.5837,1.8035,2.5996
3/30/2016,0.6047,0.7567,0.898,1.2581,1.5813,1.8228,2.6528
3/31/2016,0.5804,0.7211,0.8524,1.2048,1.5331,1.7687,2.6119
4/1/2016,0.5957,0.7224,0.8573,1.2144,1.5402,1.7705,2.5997
4/4/2016,0.5804,0.7361,0.8652,1.2047,1.526,1.7618,2.5966
4/5/2016,0.5497,0.72,0.8463,1.1755,1.4905,1.7201,2.5442
4/6/2016,0.5446,0.7317,0.8623,1.1981,1.5142,1.7549,2.5844
4/7/2016,0.5139,0.6878,0.8164,1.1367,1.448,1.6889,2.5149
4/8/2016,0.5139,0.695,0.8267,1.151,1.4692,1.7167,2.5525
4/11/2016,0.5088,0.6987,0.8319,1.1575,1.4763,1.7254,2.5616
4/12/2016,0.5241,0.7385,0.8751,1.2109,1.5308,1.7761,2.5989
4/13/2016,0.5241,0.7464,0.8988,1.2125,1.5285,1.7639,2.5837
4/14/2016,0.5292,0.7663,0.9173,1.25,1.5666,1.7919,2.6005
4/15/2016,0.5088,0.7335,0.8856,1.2108,1.5261,1.7518,2.5593
4/18/2016,0.5037,0.7414,0.8909,1.2287,1.5404,1.7711,2.5799
4/19/2016,0.5037,0.7574,0.9202,1.2516,1.5595,1.7851,2.5936
4/20/2016,0.4986,0.7937,0.9682,1.3122,1.6242,1.845,2.6538
4/21/2016,0.5241,0.8058,0.9843,1.3303,1.641,1.861,2.6842
4/22/2016,0.5292,0.8178,1.0007,1.3551,1.6677,1.8878,2.707
4/25/2016,0.5343,0.8299,1.0169,1.3766,1.6919,1.9128,2.7332
4/26/2016,0.5445,0.8608,1.0304,1.3915,1.7089,1.9271,2.7539
4/27/2016,0.5702,0.8173,0.9688,1.3182,1.6245,1.8508,2.7008
4/28/2016,0.5549,0.7816,0.9313,1.2907,1.6005,1.8243,2.6796
4/29/2016,0.5497,0.7816,0.9341,1.294,1.6155,1.8333,2.6781
5/2/2016,0.5446,0.7896,0.9503,1.3231,1.6511,1.8723,2.7245
5/3/2016,0.5242,0.754,0.9019,1.2519,1.5705,1.7963,2.6578
5/4/2016,0.5037,0.7381,0.8857,1.2324,1.5492,1.7752,2.6322
5/5/2016,0.5037,0.7182,0.8561,1.2017,1.5161,1.7453,2.6029
5/6/2016,0.5037,0.734,0.8804,1.2289,1.5444,1.7789,2.6276
5/9/2016,0.4884,0.706,0.856,1.1932,1.5089,1.7507,2.6083
5/10/2016,0.4986,0.722,0.8641,1.2093,1.523,1.7613,2.6122
5/11/2016,0.5037,0.7279,0.8803,1.2011,1.5041,1.7367,2.5807
5/12/2016,0.519,0.754,0.9121,1.2367,1.5395,1.7516,2.5983
5/13/2016,0.5241,0.7459,0.8962,1.2056,1.4921,1.7001,2.5486
5/16/2016,0.5343,0.7863,0.944,1.2607,1.5512,1.7533,2.5956
5/17/2016,0.5598,0.8309,0.9866,1.2998,1.5797,1.7723,2.5994
5/18/2016,0.6058,0.8918,1.064,1.3848,1.6632,1.8538,2.6595
5/19/2016,0.6161,0.8819,1.0508,1.375,1.6632,1.8487,2.6417
5/20/2016,0.6263,0.8763,1.0406,1.3618,1.6465,1.8384,2.6286
5/23/2016,0.6467,0.8969,1.0568,1.3684,1.6465,1.835,2.6232
5/24/2016,0.6365,0.9094,1.0785,1.4046,1.6801,1.8629,2.644
5/25/2016,0.6725,0.9185,1.0733,1.4013,1.6849,1.8664,2.6634
5/26/2016,0.6469,0.8671,1.0197,1.3474,1.6345,1.8282,2.6409
5/27/2016,0.6827,0.9086,1.058,1.3847,1.6677,1.851,2.6464
5/30/2016,0.6827,0.9086,1.058,1.3847,1.6677,1.851,2.6464
5/31/2016,0.6725,0.877,1.0311,1.3718,1.663,1.8458,2.6479
6/1/2016,0.6725,0.8988,1.0475,1.3799,1.6606,1.8354,2.6164
6/2/2016,0.6622,0.8869,1.0233,1.3523,1.6202,1.7989,2.5805
6/3/2016,0.5804,0.7716,0.9127,1.2307,1.4973,1.7004,2.5097
6/6/2016,0.5855,0.7953,0.9317,1.25,1.5302,1.7367,2.557
6/7/2016,0.5752,0.7833,0.9209,1.2322,1.5113,1.7177,2.5419
6/8/2016,0.5701,0.7752,0.9306,1.2305,1.5066,1.7022,2.5082
6/9/2016,0.565,0.767,0.92,1.2207,1.4971,1.6867,2.4873
6/10/2016,0.5394,0.7265,0.8776,1.1671,1.4428,1.6404,2.4511
6/13/2016,0.5292,0.7143,0.8433,1.1266,1.4075,1.6096,2.4262
6/14/2016,0.5343,0.7221,0.8512,1.1378,1.4144,1.613,2.4233
6/15/2016,0.4986,0.6696,0.7904,1.0715,1.3581,1.572,2.4065
6/16/2016,0.4934,0.6854,0.8115,1.0907,1.3697,1.5788,2.3963
6/17/2016,0.4934,0.6927,0.8272,1.1128,1.3999,1.6078,2.4196
6/20/2016,0.5292,0.7451,0.883,1.1824,1.4729,1.6886,2.4955
6/21/2016,0.5292,0.763,0.891,1.1985,1.487,1.7059,2.5119
6/22/2016,0.5446,0.7433,0.867,1.1993,1.4633,1.6852,2.4999
6/23/2016,0.5753,0.7788,0.915,1.2576,1.5499,1.7458,2.5547
6/24/2016,0.468,0.627,0.739,1.0719,1.3422,1.5599,2.4101
6/27/2016,0.4425,0.5935,0.6883,0.9806,1.2394,1.4377,2.2644
6/28/2016,0.4374,0.6132,0.7147,1.0078,1.272,1.4664,2.2749
6/29/2016,0.4527,0.6368,0.7466,1.0575,1.3234,1.5155,2.3187
6/30/2016,0.4323,0.5817,0.6931,0.9997,1.279,1.4697,2.2847
7/1/2016,0.4425,0.5893,0.6924,0.9946,1.2625,1.4441,2.2253
7/4/2016,0.4425,0.5893,0.6924,0.9946,1.2625,1.4441,2.2253
7/5/2016,0.4271,0.5497,0.6495,0.9384,1.1926,1.375,2.1545
7/6/2016,0.4373,0.5773,0.668,0.9431,1.1902,1.3682,2.1375
7/7/2016,0.4475,0.5892,0.6893,0.9607,1.2087,1.385,2.1348
7/8/2016,0.4577,0.605,0.6995,0.9476,1.1853,1.3579,2.0983
7/11/2016,0.4935,0.653,0.756,1.0215,1.2645,1.4303,2.1394
7/12/2016,0.4935,0.6891,0.8134,1.0861,1.342,1.51,2.2237
7/13/2016,0.4934,0.6651,0.7949,1.0602,1.3137,1.4743,2.1721
7/14/2016,0.5088,0.6732,0.824,1.0958,1.3655,1.5356,2.2523
7/15/2016,0.4883,0.6674,0.8242,1.1038,1.375,1.5509,2.2655
7/18/2016,0.5036,0.6897,0.8428,1.1315,1.401,1.5818,2.2944
7/19/2016,0.4985,0.6898,0.827,1.1103,1.3726,1.5526,2.2669
7/20/2016,0.5498,0.7101,0.8483,1.1347,1.4058,1.5801,2.2979
7/21/2016,0.5242,0.6778,0.8085,1.094,1.3702,1.556,2.2908
7/22/2016,0.5293,0.7025,0.8326,1.1168,1.3916,1.5663,2.283
7/25/2016,0.5395,0.7332,0.8621,1.1397,1.4011,1.5731,2.2872
7/26/2016,0.5446,0.7539,0.8595,1.1331,1.3916,1.5611,2.283
7/27/2016,0.5242,0.7184,0.8141,1.0863,1.3299,1.4976,2.211
7/28/2016,0.5088,0.7066,0.8061,1.0847,1.3346,1.5044,2.2318
7/29/2016,0.4884,0.6554,0.7473,1.0237,1.2875,1.4531,2.1827
8/1/2016,0.4884,0.6848,0.7849,1.0751,1.3486,1.5214,2.2695
8/2/2016,0.4884,0.6788,0.7903,1.0895,1.3723,1.5558,2.3069
8/3/2016,0.4986,0.6668,0.7795,1.0702,1.3534,1.542,2.2963
8/4/2016,0.4935,0.643,0.75,1.0283,1.3063,1.5008,2.254
8/5/2016,0.5394,0.7221,0.8472,1.1363,1.4104,1.5885,2.314
8/8/2016,0.5496,0.726,0.8527,1.1444,1.42,1.592,2.309
8/9/2016,0.5394,0.71,0.8284,1.1072,1.3797,1.547,2.2617
8/10/2016,0.5241,0.682,0.8002,1.0716,1.3348,1.5074,2.2274
8/11/2016,0.5394,0.742,0.8663,1.1444,1.4083,1.5593,2.2722
8/12/2016,0.5343,0.7057,0.8213,1.0974,1.3586,1.5135,2.2306
8/15/2016,0.5394,0.7258,0.8426,1.1347,1.399,1.5576,2.2825
8/16/2016,0.5394,0.7459,0.8665,1.1591,1.4228,1.5746,2.2978
8/17/2016,0.5753,0.7257,0.848,1.1315,1.3943,1.5491,2.2594
8/18/2016,0.5651,0.7014,0.8189,1.1087,1.373,1.5356,2.2601
8/19/2016,0.5804,0.7459,0.8697,1.1641,1.4255,1.5781,2.2869
8/22/2016,0.5804,0.7378,0.8512,1.1348,1.3898,1.5424,2.2371
8/23/2016,0.5804,0.7418,0.8566,1.1348,1.3875,1.5458,2.2292
8/24/2016,0.5753,0.7618,0.8674,1.1446,1.3995,1.5611,2.2471
8/25/2016,0.5753,0.7894,0.8942,1.1605,1.421,1.5731,2.263
8/26/2016,0.6008,0.8428,0.9565,1.2365,1.5001,1.6296,2.2869
8/29/2016,0.5957,0.8052,0.9082,1.1686,1.4244,1.5595,2.2142
8/30/2016,0.5906,0.7973,0.9056,1.1766,1.4339,1.5663,2.2292
8/31/2016,0.5906,0.8053,0.922,1.1977,1.4551,1.58,2.232
9/1/2016,0.5854,0.7816,0.9005,1.1799,1.4339,1.5681,2.2299
9/2/2016,0.5803,0.7858,0.9092,1.1914,1.4624,1.6024,2.2782
9/5/2016,0.5803,0.7858,0.9092,1.1914,1.4624,1.6024,2.2782
9/6/2016,0.5496,0.7281,0.8417,1.1169,1.3844,1.534,2.2241
9/7/2016,0.5496,0.734,0.8553,1.1234,1.3891,1.5391,2.2349
9/8/2016,0.5649,0.7699,0.8961,1.1769,1.4506,1.599,2.3036
9/9/2016,0.5598,0.7821,0.9237,1.2225,1.5125,1.6749,2.3946
9/12/2016,0.5547,0.7701,0.9075,1.1965,1.4911,1.6629,2.3909
9/13/2016,0.57,0.7982,0.9491,1.2455,1.5508,1.7271,2.4634
9/14/2016,0.6111,0.758,0.9015,1.2064,1.5103,1.6976,2.4497
9/15/2016,0.5958,0.7258,0.8671,1.1787,1.4889,1.6907,2.4627
9/16/2016,0.6009,0.7621,0.9015,1.1984,1.4985,1.6926,2.4452
9/19/2016,0.606,0.7784,0.9255,1.2197,1.5249,1.7118,2.4551
9/20/2016,0.606,0.7743,0.9149,1.2001,1.501,1.6892,2.4316
9/21/2016,0.6008,0.7744,0.9123,1.187,1.4724,1.6511,2.3738
9/22/2016,0.5804,0.7703,0.9043,1.1642,1.4438,1.6183,2.3353
9/23/2016,0.5752,0.754,0.8857,1.156,1.4368,1.6184,2.3471
9/26/2016,0.5701,0.7336,0.8563,1.1184,1.3963,1.5839,2.3205
9/27/2016,0.5701,0.7421,0.8509,1.1119,1.3845,1.5564,2.2774
9/28/2016,0.5803,0.7559,0.8616,1.1347,1.3987,1.5719,2.2913
9/29/2016,0.5701,0.7342,0.8375,1.1169,1.3891,1.5599,2.2767
9/30/2016,0.5854,0.7619,0.875,1.1492,1.4221,1.5944,2.3154
10/3/2016,0.6059,0.7916,0.9019,1.1784,1.4505,1.6221,2.3397
10/4/2016,0.6263,0.8215,0.9424,1.2271,1.5098,1.6864,2.4098
10/5/2016,0.6263,0.8316,0.9586,1.2434,1.5289,1.7021,2.4234
10/6/2016,0.6314,0.8496,0.9885,1.2776,1.5671,1.7372,2.4538
10/7/2016,0.6314,0.8301,0.978,1.2551,1.5435,1.7181,2.4508
10/10/2016,0.6314,0.8301,0.978,1.2551,1.5435,1.7181,2.4508
10/11/2016,0.6416,0.8664,1.0162,1.2944,1.5818,1.7638,2.5014
10/12/2016,0.6777,0.8585,1.0109,1.2912,1.5819,1.7692,2.4991
10/13/2016,0.652,0.8345,0.9947,1.2586,1.5484,1.7411,2.4768
10/14/2016,0.6571,0.8348,1.0027,1.2866,1.5894,1.7977,2.5583
10/17/2016,0.6418,0.8147,0.9734,1.2539,1.5511,1.766,2.5216
10/18/2016,0.6418,0.7986,0.9548,1.2245,1.5248,1.7379,2.5054
10/19/2016,0.6315,0.7946,0.9521,1.2262,1.5273,1.7432,2.5069
10/20/2016,0.6469,0.819,0.9787,1.2525,1.5465,1.7556,2.5039
10/21/2016,0.6417,0.8234,0.9786,1.2428,1.5275,1.7347,2.4846
10/24/2016,0.6468,0.8399,0.9946,1.2742,1.5539,1.7647,2.5171
10/25/2016,0.6519,0.8523,0.9946,1.2742,1.5492,1.756,2.4985
10/26/2016,0.6468,0.8685,1.0134,1.304,1.5854,1.7931,2.5412
10/27/2016,0.6519,0.8863,1.0375,1.3473,1.6434,1.8536,2.6138
10/28/2016,0.6417,0.8526,1.0027,1.3245,1.6345,1.8468,2.6154
10/31/2016,0.6417,0.8409,0.9892,1.3067,1.6155,1.8255,2.5798
11/1/2016,0.6365,0.8311,0.9838,1.2921,1.6108,1.8274,2.5774
11/2/2016,0.6263,0.8174,0.9649,1.263,1.58,1.8025,2.5672
11/3/2016,0.6212,0.8055,0.9595,1.2646,1.58,1.8115,2.6004
11/4/2016,0.6007,0.7838,0.9351,1.2321,1.5397,1.7762,2.561
11/7/2016,0.6109,0.8178,0.9756,1.2874,1.6012,1.8261,2.6021
11/8/2016,0.6416,0.8539,1.0162,1.3265,1.6393,1.8547,2.6156
11/9/2016,0.7084,0.8901,1.1142,1.4724,1.8191,2.0571,2.8456
11/10/2016,0.7186,0.9151,1.1674,1.5571,1.9188,2.1501,2.9549
11/11/2016,0.7186,0.9151,1.1674,1.5571,1.9188,2.1501,2.935
11/14/2016,0.7647,1.0023,1.2796,1.6819,2.0412,2.2614,3.0117
11/15/2016,0.7544,0.9926,1.2691,1.6588,2.0045,2.2189,2.9555
11/16/2016,0.7391,1.0051,1.2774,1.6707,2.0169,2.2225,2.9221
11/17/2016,0.7595,1.0461,1.3233,1.7362,2.091,2.3026,3.0117
11/18/2016,0.7544,1.0678,1.3565,1.7975,2.1559,2.3548,3.0296
11/21/2016,0.7595,1.0683,1.3407,1.7691,2.109,2.3154,2.9924
11/22/2016,0.7595,1.0871,1.3464,1.7762,2.1141,2.3119,2.9996
11/23/2016,0.7697,1.1228,1.393,1.8321,2.1616,2.3498,3.0207
11/24/2016,0.7697,1.1228,1.393,1.8321,2.1697,2.3498,3.0207
11/25/2016,0.7799,1.1168,1.3941,1.8354,2.1758,2.3572,3.0045
11/28/2016,0.7697,1.099,1.3591,1.7894,2.1202,2.3124,2.9755
11/29/2016,0.7645,1.0871,1.3404,1.7746,2.1033,2.291,2.9459
11/30/2016,0.7748,1.113,1.3925,1.842,2.1904,2.3809,3.0337
12/1/2016,0.7799,1.147,1.4365,1.8982,2.2488,2.4481,3.1085
12/2/2016,0.7696,1.0957,1.3775,1.8208,2.1783,2.3831,3.0615
12/5/2016,0.7901,1.1198,1.4025,1.8456,2.1929,2.3941,3.064
12/6/2016,0.785,1.1139,1.3919,1.834,2.1832,2.3887,3.0788
12/7/2016,0.8315,1.094,1.3594,1.7895,2.1371,2.3401,3.0224
12/8/2016,0.8366,1.1102,1.3871,1.8374,2.1978,2.4071,3.1053
12/9/2016,0.8468,1.1329,1.4213,1.8906,2.2541,2.4675,3.1529
12/12/2016,0.8468,1.1411,1.4051,1.8857,2.2468,2.4712,3.1538
12/13/2016,0.8673,1.1636,1.4632,1.9091,2.2541,2.4713,3.1312
12/14/2016,0.9084,1.2673,1.5811,2.0479,2.3748,2.5707,3.1799
12/15/2016,0.8878,1.2738,1.6136,2.0884,2.4145,2.5967,3.1622
12/16/2016,0.8826,1.2524,1.5953,2.0654,2.4024,2.5916,3.1741
12/19/2016,0.8775,1.2221,1.5496,2.0218,2.348,2.5382,3.1204
12/20/2016,0.8775,1.2163,1.5579,2.0388,2.3629,2.5586,3.1396
12/21/2016,0.8569,1.1879,1.5284,2.0187,2.3407,2.5348,3.1079
12/22/2016,0.8518,1.1923,1.5393,2.034,2.3532,2.5515,3.1271
12/23/2016,0.8517,1.2016,1.5372,2.0245,2.3386,2.5373,3.1138
12/26/2016,0.8517,1.2016,1.5372,2.0245,2.3386,2.5373,3.1138
12/27/2016,0.8568,1.2267,1.5617,2.055,2.3635,2.5596,3.133
12/28/2016,0.8517,1.254,1.5239,1.9961,2.3115,2.508,3.0931
12/29/2016,0.8158,1.2122,1.4697,1.9538,2.2721,2.475,3.079
12/30/2016,0.8106,1.1883,1.451,1.9274,2.2451,2.4443,3.0651
1/2/2017,0.8106,1.1883,1.451,1.9274,2.2451,2.4443,3.0651
1/3/2017,0.826,1.2141,1.4783,1.9422,2.2573,2.4444,3.0462
1/4/2017,0.8623,1.214,1.4757,1.9306,2.25,2.439,3.0397
1/5/2017,0.8212,1.1621,1.4049,1.8434,2.1531,2.3443,2.9444
1/6/2017,0.8314,1.2098,1.4815,1.9239,2.2281,2.4193,3.0088
1/9/2017,0.8057,1.1816,1.4487,1.8727,2.1723,2.3647,2.958
1/10/2017,0.8006,1.1856,1.4433,1.8759,2.1795,2.3757,2.9676
1/11/2017,0.8057,1.1855,1.4687,1.8841,2.1843,2.3721,2.9556
1/12/2017,0.7954,1.1733,1.4526,1.8659,2.1698,2.3631,2.9604
1/13/2017,0.7954,1.1931,1.4767,1.897,2.2012,2.3964,2.9886
1/16/2017,0.7954,1.1931,1.4767,1.897,2.2012,2.3964,2.9886
1/17/2017,0.78,1.1524,1.4151,1.8192,2.1284,2.3253,2.9317
1/18/2017,0.8056,1.2214,1.5091,1.9383,2.2475,2.4296,3.0129
1/19/2017,0.8005,1.2214,1.5173,1.9633,2.2841,2.4739,3.0463
1/20/2017,0.7902,1.1885,1.4853,1.9365,2.267,2.4668,3.0488
1/23/2017,0.7645,1.1434,1.4261,1.8634,2.1864,2.3971,2.9862
1/24/2017,0.7799,1.1924,1.4828,1.9331,2.2597,2.4652,3.0489
1/25/2017,0.785,1.2341,1.5045,1.9765,2.3088,2.5116,3.0967
1/26/2017,0.785,1.2242,1.4884,1.9657,2.2989,2.5043,3.0851
1/27/2017,0.785,1.2182,1.4751,1.9458,2.2864,2.4843,3.0588
1/30/2017,0.7747,1.2122,1.4725,1.9491,2.2889,2.4881,3.0785
1/31/2017,0.7593,1.2044,1.4617,1.9129,2.2476,2.4531,3.0612
2/1/2017,0.8212,1.2125,1.4727,1.9294,2.2621,2.4699,3.0753
2/2/2017,0.8109,1.2046,1.4701,1.9228,2.2597,2.4737,3.0877
2/3/2017,0.8006,1.1969,1.4594,1.9096,2.2475,2.4648,3.0902
2/6/2017,0.7801,1.149,1.4049,1.8453,2.1821,2.4077,3.0473
2/7/2017,0.7801,1.165,1.4158,1.8469,2.1748,2.3931,3.0179
2/8/2017,0.7749,1.141,1.399,1.8024,2.1216,2.3363,2.9485
2/9/2017,0.7852,1.1772,1.4525,1.8667,2.1941,2.3948,3.0041
2/10/2017,0.7903,1.1895,1.4685,1.8865,2.2134,2.4073,3.0056
2/13/2017,0.8005,1.2017,1.4899,1.9147,2.2402,2.4358,3.0319
2/14/2017,0.821,1.2343,1.5301,1.963,2.2865,2.4698,3.0584
2/15/2017,0.8261,1.2466,1.5517,1.9914,2.311,2.4932,3.0777
2/16/2017,0.7954,1.2021,1.5008,1.9364,2.2548,2.4467,3.0487
2/17/2017,0.7953,1.1882,1.4717,1.9015,2.2182,2.4147,3.0231
2/20/2017,0.7953,1.1882,1.4717,1.9015,2.2182,2.4147,3.0231
2/21/2017,0.7953,1.2067,1.4879,1.9199,2.2328,2.429,3.0407
2/22/2017,0.7953,1.2162,1.4745,1.9049,2.2181,2.4129,3.0327
2/23/2017,0.7799,1.1825,1.4315,1.8586,2.1718,2.372,3.0127
2/24/2017,0.7747,1.1428,1.3884,1.8044,2.1202,2.3117,2.951
2/27/2017,0.7747,1.1944,1.4479,1.8651,2.1782,2.365,2.9833
2/28/2017,0.8208,1.2601,1.5185,1.9294,2.2219,2.3899,2.9952
3/1/2017,0.9136,1.2842,1.5648,1.9872,2.2878,2.4526,3.0608
3/2/2017,0.9599,1.3084,1.5868,2.0155,2.3123,2.4779,3.0729
3/3/2017,0.9598,1.3051,1.5791,2.009,2.3052,2.478,3.0713
3/6/2017,0.965,1.3053,1.5821,2.0191,2.3175,2.4997,3.1046
3/7/2017,0.9958,1.3277,1.6096,2.0491,2.3421,2.5179,3.121
3/8/2017,1.0163,1.3542,1.6625,2.0926,2.3866,2.5597,3.1489
3/9/2017,1.0318,1.3726,1.692,2.1362,2.4336,2.6053,3.1888
3/10/2017,1.0266,1.3534,1.6598,2.1014,2.3943,2.5745,3.1647
3/13/2017,1.0471,1.3719,1.684,2.1385,2.4365,2.6258,3.2122
3/14/2017,1.0368,1.3763,1.684,2.1285,2.4193,2.6002,3.1747
3/15/2017,1.0008,1.2994,1.5821,2.003,2.2984,2.493,3.1071
3/16/2017,0.9853,1.3322,1.6277,2.0499,2.3477,2.5402,3.1506
3/17/2017,0.9801,1.3146,1.6008,2.0183,2.306,2.5005,3.1096
3/20/2017,0.9801,1.2883,1.5712,1.9849,2.2716,2.4607,3.077
3/21/2017,0.9698,1.2598,1.5308,1.9466,2.2299,2.4175,3.0343
3/22/2017,0.9647,1.2477,1.5172,1.9366,2.2202,2.405,3.0174
3/23/2017,0.9595,1.252,1.5279,1.9516,2.2349,2.4194,3.0294
3/24/2017,0.9646,1.2566,1.5276,1.945,2.2301,2.4123,3.0134
3/27/2017,0.9748,1.2527,1.5086,1.9183,2.1982,2.3782,2.9848
3/28/2017,1.0108,1.3016,1.5491,1.9636,2.2425,2.4178,3.0246
3/29/2017,1.0319,1.2698,1.5165,1.926,2.1958,2.3765,2.9856
3/30/2017,1.0216,1.2818,1.5327,1.964,2.2487,2.4197,3.0343
3/31/2017,1.0164,1.254,1.489,1.9212,2.2098,2.3874,3.0095
4/3/2017,1.0061,1.2261,1.4346,1.8519,2.1347,2.3193,2.9532
4/4/2017,1.0215,1.252,1.4697,1.8898,2.1759,2.3605,2.9999
4/5/2017,1.0163,1.234,1.437,1.8519,2.1395,2.3354,2.9856
4/6/2017,1.0266,1.2379,1.4423,1.8585,2.1443,2.3408,2.9864
4/7/2017,1.0574,1.2862,1.5072,1.9196,2.2003,2.3822,3.0078
4/10/2017,1.0523,1.2741,1.4962,1.8998,2.1808,2.3661,2.9903
4/11/2017,1.0368,1.2338,1.4599,1.8303,2.108,2.2962,2.9289
4/12/2017,1.0162,1.2015,1.4144,1.7676,2.0451,2.2392,2.8861
4/13/2017,1.011,1.2053,1.4118,1.7691,2.045,2.2374,2.8923
4/14/2017,1.011,1.2053,1.4118,1.7691,2.045,2.2374,2.8923
4/17/2017,1.0161,1.2011,1.4063,1.7756,2.0595,2.2498,2.9094
4/18/2017,1.0007,1.1604,1.3528,1.6997,1.9774,2.1682,2.8354
4/19/2017,1.0006,1.1766,1.3794,1.7392,2.0207,2.2143,2.8729
4/20/2017,0.9903,1.1846,1.398,1.7639,2.0449,2.232,2.8822
4/21/2017,0.9749,1.1802,1.4004,1.7703,2.0569,2.248,2.9015
4/24/2017,1.0057,1.2294,1.4326,1.8017,2.0787,2.273,2.9288
4/25/2017,1.0262,1.2704,1.4784,1.8549,2.1395,2.3322,2.9879
4/26/2017,1.0628,1.2717,1.4567,1.8282,2.1078,2.3035,2.9602
4/27/2017,1.0525,1.2579,1.4378,1.8224,2.1005,2.2946,2.9642
4/28/2017,1.0576,1.2619,1.443,1.8142,2.0941,2.2802,2.9508
5/1/2017,1.073,1.2739,1.4619,1.8405,2.1256,2.318,3.0023
5/2/2017,1.0678,1.258,1.4429,1.8027,2.0893,2.2803,2.9689
5/3/2017,1.0833,1.2939,1.4782,1.8519,2.133,2.318,2.9681
5/4/2017,1.0935,1.3059,1.5026,1.8865,2.1695,2.3541,2.9983
5/5/2017,1.0935,1.3102,1.5054,1.8816,2.1624,2.3487,2.9832
5/8/2017,1.1089,1.3303,1.5299,1.9113,2.1966,2.3868,3.0222
5/9/2017,1.1192,1.3405,1.5382,1.9229,2.209,2.3977,3.0271
5/10/2017,1.1192,1.3548,1.5669,1.9379,2.2213,2.4141,3.0407
5/11/2017,1.1191,1.3347,1.5482,1.9147,2.1944,2.3874,3.0255
5/12/2017,1.1036,1.2904,1.4866,1.8468,2.131,2.3257,2.9889
5/15/2017,1.1036,1.2986,1.4946,1.8617,2.1457,2.3433,3.0064
5/16/2017,1.0984,1.2987,1.4893,1.8484,2.1287,2.3257,2.9921
5/17/2017,1.0726,1.2458,1.4197,1.7542,2.0241,2.2243,2.916
5/18/2017,1.0726,1.2682,1.4383,1.7722,2.0363,2.2294,2.9005
5/19/2017,1.088,1.2703,1.4462,1.7803,2.0436,2.2346,2.8966
5/22/2017,1.0983,1.2826,1.4569,1.7985,2.0631,2.2537,2.9136
5/23/2017,1.124,1.3032,1.4838,1.8267,2.0899,2.2799,2.9432
5/24/2017,1.1504,1.2818,1.4461,1.7852,2.0509,2.2502,2.9245
5/25/2017,1.1504,1.2937,1.4568,1.7943,2.0631,2.2554,2.9206
5/26/2017,1.1452,1.2937,1.4539,1.7894,2.0602,2.2465,2.912
5/29/2017,1.1452,1.2937,1.4539,1.7894,2.0602,2.2465,2.912
5/30/2017,1.1451,1.2837,1.4322,1.7549,2.0241,2.2098,2.8772
5/31/2017,1.1503,1.2818,1.4322,1.7516,2.0168,2.2028,2.8634
6/1/2017,1.1451,1.2898,1.4375,1.7615,2.0192,2.2114,2.8626
6/2/2017,1.1502,1.2879,1.4237,1.7188,1.9711,2.1591,2.81
6/5/2017,1.1553,1.302,1.4427,1.7418,1.9952,2.1817,2.8366
6/6/2017,1.1449,1.294,1.4209,1.7138,1.9567,2.1451,2.8115
6/7/2017,1.1655,1.3061,1.448,1.7385,1.9831,2.1729,2.8366
6/8/2017,1.1707,1.3143,1.4535,1.7483,1.9951,2.1885,2.851
6/9/2017,1.186,1.3347,1.478,1.7664,2.0096,2.2005,2.8556
6/12/2017,1.1963,1.3551,1.4862,1.778,2.0217,2.2145,2.8694
6/13/2017,1.2015,1.3633,1.508,1.7813,2.0193,2.2109,2.8648
6/14/2017,1.186,1.331,1.4653,1.7153,1.9421,2.1256,2.7692
6/15/2017,1.1962,1.3514,1.4946,1.7632,1.9854,2.1637,2.7872
6/16/2017,1.1859,1.3151,1.4732,1.7433,1.9685,2.1514,2.7752
6/19/2017,1.2013,1.356,1.5215,1.788,2.012,2.1879,2.7849
6/20/2017,1.2064,1.3439,1.4973,1.7632,1.9806,2.1565,2.7385
6/21/2017,1.2124,1.3481,1.4973,1.7731,1.9927,2.1634,2.7274
6/22/2017,1.2072,1.3401,1.4811,1.7582,1.9781,2.1477,2.7163
6/23/2017,1.2019,1.3404,1.4784,1.7565,1.9732,2.1423,2.7155
6/26/2017,1.1967,1.3323,1.4783,1.7565,1.9684,2.137,2.697
6/27/2017,1.207,1.3692,1.5189,1.8115,2.0388,2.2051,2.7518
6/28/2017,1.2018,1.3533,1.5026,1.8206,2.0461,2.2279,2.781
6/29/2017,1.2173,1.3692,1.5243,1.8502,2.0989,2.2666,2.8135
6/30/2017,1.2275,1.3817,1.5461,1.8884,2.1402,2.3037,2.8348
7/3/2017,1.2429,1.4101,1.5844,1.9316,2.1891,2.3499,2.8669
7/4/2017,1.2429,1.4101,1.5844,1.9316,2.1891,2.3499,2.8669
7/5/2017,1.2274,1.4022,1.5763,1.9134,2.1623,2.3232,2.8469
7/6/2017,1.2171,1.3944,1.5873,1.9351,2.199,2.3659,2.9016
7/7/2017,1.2067,1.399,1.5902,1.947,2.2163,2.3856,2.9289
7/10/2017,1.2066,1.383,1.5738,1.9321,2.1968,2.373,2.9265
7/11/2017,1.1963,1.3751,1.552,1.9156,2.1822,2.3605,2.9234
7/12/2017,1.1911,1.3429,1.5375,1.8741,2.1334,2.3177,2.8838
7/13/2017,1.2014,1.3633,1.559,1.8908,2.1554,2.3444,2.9172
7/14/2017,1.1962,1.3556,1.5455,1.866,2.136,2.3319,2.9195
7/17/2017,1.1961,1.3557,1.5402,1.8594,2.1214,2.3141,2.9039
7/18/2017,1.191,1.3477,1.5161,1.8129,2.0678,2.259,2.8461
7/19/2017,1.2175,1.356,1.5215,1.8246,2.0825,2.2696,2.8514
7/20/2017,1.2072,1.3521,1.508,1.818,2.0728,2.2589,2.8254
7/21/2017,1.2071,1.3402,1.4946,1.8031,2.0485,2.2375,2.8087
7/24/2017,1.2174,1.3567,1.5107,1.8214,2.068,2.2552,2.8345
7/25/2017,1.2277,1.3899,1.5567,1.89,2.1487,2.3354,2.9171
7/26/2017,1.2173,1.3551,1.5053,1.8265,2.0924,2.2872,2.8914
7/27/2017,1.2173,1.3631,1.5189,1.852,2.1169,2.3103,2.9194
7/28/2017,1.2069,1.3472,1.5026,1.8339,2.1009,2.2889,2.8953
7/31/2017,1.212,1.3491,1.5081,1.8356,2.1129,2.2942,2.8999
8/1/2017,1.2068,1.3411,1.4891,1.7994,2.0671,2.2532,2.8567
8/2/2017,1.2119,1.359,1.5081,1.8256,2.0888,2.271,2.8559
8/3/2017,1.2106,1.339,1.4781,1.7879,2.043,2.2212,2.7972
8/4/2017,1.2183,1.3509,1.5026,1.8157,2.0766,2.262,2.842
8/7/2017,1.2208,1.3509,1.5026,1.8107,2.0694,2.253,2.8336
8/8/2017,1.2221,1.3508,1.4944,1.8172,2.0766,2.2619,2.8428
8/9/2017,1.2027,1.3387,1.5027,1.804,2.0621,2.2476,2.8222
8/10/2017,1.2014,1.3246,1.4813,1.7711,2.0139,2.1975,2.7729
8/11/2017,1.1949,1.294,1.4466,1.7429,2.0017,2.1888,2.7855
8/14/2017,1.2052,1.3182,1.4733,1.7692,2.033,2.2185,2.8073
8/15/2017,1.227,1.3465,1.5161,1.8253,2.0886,2.2728,2.8488
8/16/2017,1.2382,1.3261,1.4839,1.7806,2.0353,2.222,2.8073
8/17/2017,1.2227,1.2956,1.4571,1.7492,1.9991,2.1853,2.7739
8/18/2017,1.2226,1.3054,1.457,1.7589,2.0062,2.1939,2.7762
8/21/2017,1.2148,1.3012,1.4489,1.7506,1.9941,2.1817,2.7631
8/22/2017,1.2277,1.3216,1.4731,1.7836,2.0279,2.2131,2.7847
8/23/2017,1.2173,1.3051,1.4434,1.7438,1.982,2.166,2.7461
8/24/2017,1.2289,1.3297,1.4703,1.7752,2.0133,2.1939,2.7692
8/25/2017,1.2249,1.3315,1.4621,1.7568,1.989,2.1659,2.7469
8/28/2017,1.2288,1.3253,1.4513,1.7402,1.9769,2.1571,2.7554
8/29/2017,1.2158,1.3155,1.4215,1.7036,1.9455,2.1292,2.7384
8/30/2017,1.2184,1.3255,1.4322,1.7167,1.959,2.1309,2.7377
8/31/2017,1.2171,1.3255,1.4267,1.702,1.9422,2.117,2.7262
9/1/2017,1.2221,1.342,1.4591,1.7383,1.9929,2.1657,2.777
9/4/2017,1.2221,1.342,1.4591,1.7383,1.9929,2.1657,2.777
9/5/2017,1.2092,1.29,1.3883,1.6414,1.8894,2.0596,2.6806
9/6/2017,1.2272,1.3021,1.41,1.6841,1.9327,2.1046,2.7224
9/7/2017,1.2001,1.262,1.3691,1.625,1.8678,2.0387,2.6572
9/8/2017,1.1975,1.262,1.3687,1.6332,1.8798,2.0507,2.6692
9/11/2017,1.2245,1.3186,1.4342,1.709,1.9545,2.1306,2.743
9/12/2017,1.2206,1.3348,1.4632,1.7454,1.9884,2.1672,2.7715
9/13/2017,1.264,1.3471,1.4792,1.767,2.003,2.1883,2.7863
9/14/2017,1.2769,1.3615,1.498,1.777,2.0055,2.1847,2.7669
9/15/2017,1.2897,1.3803,1.5251,1.8055,2.0324,2.2023,2.77
9/18/2017,1.2948,1.3947,1.5414,1.8256,2.0592,2.2287,2.7987
9/19/2017,1.2922,1.4011,1.5443,1.8341,2.0715,2.2446,2.8167
9/20/2017,1.2948,1.4382,1.5876,1.8743,2.1034,2.2676,2.8081
9/21/2017,1.2999,1.4385,1.5959,1.8862,2.1158,2.2765,2.805
9/22/2017,1.2946,1.431,1.5748,1.8614,2.0866,2.2499,2.7801
9/25/2017,1.2843,1.423,1.5587,1.8364,2.0597,2.2198,2.7615
9/26/2017,1.292,1.4356,1.5697,1.8583,2.0769,2.2357,2.7739
9/27/2017,1.3023,1.4707,1.5971,1.9055,2.1409,2.3103,2.8625
9/28/2017,1.2868,1.4508,1.5701,1.8931,2.1238,2.3085,2.8712
9/29/2017,1.2892,1.4827,1.6225,1.936,2.1685,2.3336,2.8601
10/2/2017,1.2866,1.4828,1.6254,1.9344,2.171,2.3408,2.8736
10/3/2017,1.2866,1.471,1.6065,1.9162,2.1516,2.3229,2.8641
10/4/2017,1.3098,1.4711,1.6067,1.9162,2.1492,2.3229,2.8657
10/5/2017,1.333,1.4873,1.6261,1.9444,2.1783,2.348,2.8904
10/6/2017,1.3329,1.504,1.638,1.9561,2.1857,2.3589,2.8936
10/9/2017,1.3329,1.504,1.638,1.9561,2.1857,2.3589,2.8936
10/10/2017,1.3586,1.5123,1.6383,1.9595,2.1857,2.3607,2.8952
10/11/2017,1.3985,1.5186,1.644,1.9562,2.176,2.3481,2.8824
10/12/2017,1.3958,1.5127,1.6626,1.938,2.1516,2.3177,2.8467
10/13/2017,1.3879,1.4929,1.6304,1.8998,2.1079,2.273,2.805
10/16/2017,1.4034,1.5379,1.6814,1.9497,2.1492,2.3034,2.8231
10/17/2017,1.3982,1.5463,1.6814,1.9581,2.1517,2.2998,2.8019
10/18/2017,1.4059,1.5629,1.7084,1.9932,2.1956,2.3465,2.8562
10/19/2017,1.3955,1.5304,1.6654,1.9532,2.1639,2.3178,2.8365
10/20/2017,1.4135,1.5763,1.7141,2.0202,2.2324,2.3845,2.8969
10/23/2017,1.4031,1.5642,1.6952,1.9985,2.2128,2.3664,2.8833
10/24/2017,1.4135,1.581,1.7251,2.0439,2.2595,2.4189,2.9331
10/25/2017,1.4134,1.595,1.7252,2.044,2.267,2.4317,2.9404
10/26/2017,1.4185,1.6149,1.7497,2.0777,2.2991,2.4609,2.9714
10/27/2017,1.4055,1.5875,1.7174,2.0281,2.2524,2.4064,2.9179
10/30/2017,1.408,1.5737,1.6956,1.9951,2.2161,2.3684,2.8802
10/31/2017,1.4209,1.5997,1.7257,2.0165,2.2306,2.3793,2.8794
11/1/2017,1.4312,1.6119,1.734,2.0182,2.2257,2.3721,2.8579
11/2/2017,1.4338,1.608,1.7204,2,2.2015,2.345,2.8255
11/3/2017,1.4569,1.6145,1.7289,1.99,2.1821,2.3325,2.8129
11/6/2017,1.4776,1.6207,1.7262,1.9834,2.17,2.3163,2.7941
11/7/2017,1.4879,1.6289,1.7346,1.9884,2.1748,2.3145,2.777
11/8/2017,1.5202,1.6452,1.7688,2.0099,2.199,2.3343,2.7918
11/9/2017,1.515,1.6333,1.7581,2.0116,2.2086,2.3416,2.8161
11/10/2017,1.5278,1.6541,1.7849,2.0515,2.2597,2.3984,2.8797
11/13/2017,1.5381,1.6808,1.8118,2.0749,2.2743,2.4055,2.871
11/14/2017,1.5458,1.6872,1.8091,2.0582,2.2499,2.3717,2.83
11/15/2017,1.538,1.6834,1.7957,2.0316,2.2085,2.3222,2.7646
11/16/2017,1.5691,1.7082,1.8254,2.0699,2.2524,2.3753,2.8268
11/17/2017,1.5793,1.7213,1.8229,2.0567,2.2304,2.3435,2.7778
11/20/2017,1.5922,1.7505,1.8554,2.0919,2.2621,2.3666,2.7801
11/21/2017,1.6025,1.7715,1.8772,2.0986,2.2572,2.3559,2.7577
11/22/2017,1.5843,1.7267,1.8312,2.0417,2.2084,2.3187,2.7392
11/23/2017,1.5843,1.7267,1.8312,2.0417,2.2084,2.3187,2.7392
11/24/2017,1.5893,1.7443,1.845,2.0636,2.2303,2.3418,2.7638
11/27/2017,1.5945,1.7404,1.8342,2.0468,2.2156,2.3277,2.7677
11/28/2017,1.5918,1.746,1.8398,2.0594,2.2205,2.3277,2.7577
11/29/2017,1.597,1.762,1.8644,2.1059,2.2828,2.3882,2.8245
11/30/2017,1.6073,1.782,1.8919,2.1375,2.3073,2.4097,2.8269
12/1/2017,1.6071,1.772,1.884,2.1127,2.2708,2.3615,2.7615
12/4/2017,1.6408,1.8063,1.9226,2.1428,2.288,2.3723,2.7638
12/5/2017,1.6563,1.8184,1.9282,2.1428,2.2782,2.3509,2.7315
12/6/2017,1.663,1.8064,1.9146,2.1262,2.2612,2.3385,2.73
12/7/2017,1.6655,1.8024,1.912,2.138,2.2832,2.3634,2.7607
12/8/2017,1.6549,1.7945,1.9069,2.1398,2.2883,2.376,2.7685
12/11/2017,1.6705,1.8189,1.9375,2.1566,2.3006,2.3886,2.7762
12/12/2017,1.6808,1.8271,1.9531,2.1718,2.3154,2.4011,2.7762
12/13/2017,1.6626,1.7743,1.8911,2.1049,2.2468,2.3422,2.7269
12/14/2017,1.6755,1.811,1.9235,2.1384,2.2664,2.3493,2.7063
12/15/2017,1.6831,1.8358,1.9479,2.1537,2.2764,2.353,2.6873
12/18/2017,1.6883,1.8277,1.9452,2.1673,2.3035,2.3942,2.7407
12/19/2017,1.696,1.8525,1.9751,2.2212,2.3702,2.4644,2.8198
12/20/2017,1.7063,1.8567,1.9861,2.2366,2.3976,2.497,2.8767
12/21/2017,1.7063,1.8775,1.9943,2.2451,2.3952,2.4826,2.8419
12/22/2017,1.7138,1.8906,2.0083,2.249,2.3931,2.481,2.8309
12/25/2017,1.7138,1.8906,2.0083,2.249,2.3931,2.481,2.8309
12/26/2017,1.7164,1.8991,2.0139,2.2424,2.3833,2.4756,2.8246
12/27/2017,1.7137,1.893,1.9758,2.1934,2.3313,2.4107,2.7461
12/28/2017,1.7318,1.9071,1.995,2.2361,2.3586,2.4305,2.7561
12/29/2017,1.7316,1.883,1.9707,2.2064,2.3327,2.4054,2.7399
1/1/2018,1.7316,1.883,1.9707,2.2064,2.3327,2.4054,2.7399
1/2/2018,1.7809,1.9191,2.0092,2.2481,2.3793,2.4633,2.8136
1/3/2018,1.8034,1.9313,2.0149,2.2448,2.3646,2.4471,2.7855
1/4/2018,1.8007,1.9515,2.037,2.2682,2.3818,2.4525,2.7863
1/5/2018,1.7927,1.9599,2.0596,2.2886,2.4065,2.4763,2.8105
1/8/2018,1.7797,1.9579,2.057,2.287,2.4041,2.48,2.8113
1/9/2018,1.777,1.9682,2.0765,2.3307,2.4658,2.553,2.8952
1/10/2018,1.7665,1.9724,2.0892,2.3291,2.4708,2.5568,2.8984
1/11/2018,1.7639,1.9786,2.0919,2.3259,2.4659,2.5367,2.8673
1/12/2018,1.7714,1.9976,2.1163,2.3465,2.4762,2.5462,2.8491
1/15/2018,1.7714,1.9976,2.1163,2.3465,2.4762,2.5462,2.8491
1/16/2018,1.7739,2.0142,2.1218,2.3517,2.4713,2.5371,2.8254
1/17/2018,1.7739,2.0431,2.1653,2.4043,2.5285,2.5904,2.857
1/18/2018,1.7608,2.0434,2.1682,2.418,2.5535,2.6256,2.9033
1/19/2018,1.7736,2.0647,2.2014,2.4491,2.5839,2.6592,2.9331
1/22/2018,1.771,2.0608,2.1988,2.4476,2.579,2.65,2.913
1/23/2018,1.7553,2.0403,2.1744,2.412,2.5391,2.6131,2.8945
1/24/2018,1.7631,2.0762,2.1964,2.4343,2.5717,2.6465,2.9283
1/25/2018,1.7682,2.0842,2.1993,2.42,2.5468,2.617,2.8809
1/26/2018,1.7758,2.1163,2.2411,2.4702,2.5958,2.6599,2.9114
1/29/2018,1.7731,2.1163,2.2523,2.4903,2.6254,2.6936,2.9421
1/30/2018,1.7757,2.1243,2.2608,2.5054,2.6501,2.7199,2.9706
1/31/2018,1.8816,2.1406,2.2832,2.5139,2.6477,2.705,2.9348
2/1/2018,1.8815,2.1609,2.3222,2.5712,2.7246,2.7896,3.0241
2/2/2018,1.8656,2.1413,2.323,2.5883,2.7648,2.8411,3.0868
2/5/2018,1.8317,2.0241,2.1819,2.4369,2.6132,2.7056,3.006
2/6/2018,1.8551,2.1051,2.2847,2.5396,2.7101,2.8016,3.0659
2/7/2018,1.8889,2.1235,2.3205,2.5565,2.7351,2.8359,3.1139
2/8/2018,1.881,2.1034,2.2988,2.538,2.7301,2.824,3.1293
2/9/2018,1.8756,2.0732,2.2879,2.5433,2.7479,2.8512,3.1596
2/12/2018,1.9146,2.0753,2.3042,2.5587,2.7655,2.8585,3.1439
2/13/2018,1.9301,2.104,2.3069,2.5418,2.7405,2.8294,3.1111
2/14/2018,1.9613,2.1636,2.3939,2.6319,2.826,2.9022,3.162
2/15/2018,1.9769,2.1844,2.4076,2.6508,2.8362,2.9095,3.1637
2/16/2018,1.9714,2.1895,2.3835,2.6291,2.8039,2.8749,3.1316
2/19/2018,1.9714,2.1895,2.3835,2.6291,2.8039,2.8749,3.1316
2/20/2018,1.9869,2.2187,2.4055,2.6446,2.814,2.8896,3.153
2/21/2018,2.0025,2.2661,2.4358,2.6858,2.8672,2.95,3.2204
2/22/2018,1.9998,2.246,2.4085,2.6552,2.8345,2.9207,3.2062
2/23/2018,1.997,2.238,2.3869,2.6183,2.7896,2.866,3.1555
2/26/2018,2.0047,2.2219,2.3705,2.6099,2.7821,2.8623,3.153
2/27/2018,2.0046,2.26,2.4174,2.6603,2.8268,2.8934,3.1588
2/28/2018,2.0564,2.25,2.4065,2.6401,2.7945,2.8606,3.1242
3/1/2018,2.0328,2.2117,2.357,2.5797,2.7327,2.8078,3.0834
3/2/2018,2.0378,2.2418,2.396,2.6283,2.7871,2.8643,3.1398
3/5/2018,2.0456,2.2378,2.4017,2.6451,2.807,2.8808,3.1531
3/6/2018,2.0481,2.2499,2.4184,2.6536,2.8144,2.8863,3.1531
3/7/2018,2.0376,2.2519,2.4158,2.6485,2.8095,2.8827,3.1498
3/8/2018,2.0323,2.2498,2.4131,2.63,2.7822,2.8571,3.1218
3/9/2018,2.019,2.258,2.4303,2.6502,2.8095,2.8938,3.158
3/12/2018,2.0267,2.262,2.4193,2.635,2.7921,2.8681,3.1292
3/13/2018,2.0266,2.2539,2.413,2.6181,2.7698,2.8426,3.0981
3/14/2018,2.0344,2.258,2.4076,2.6097,2.7499,2.817,3.0568
3/15/2018,2.0447,2.2846,2.4294,2.6249,2.7623,2.828,3.0584
3/16/2018,2.0497,2.2909,2.4431,2.6418,2.7772,2.8445,3.077
3/19/2018,2.06,2.3075,2.4568,2.6553,2.7897,2.8555,3.0859
3/20/2018,2.0574,2.3448,2.4924,2.6962,2.8297,2.8959,3.1301
3/21/2018,2.0364,2.3055,2.4624,2.6741,2.8072,2.883,3.1186
3/22/2018,2.0259,2.2786,2.4269,2.6231,2.7523,2.8244,3.0624
3/23/2018,2.0126,2.2538,2.4023,2.5993,2.7374,2.8135,3.0608
3/26/2018,2.0282,2.2704,2.438,2.6401,2.7748,2.852,3.0859
3/27/2018,2.0281,2.2641,2.3831,2.567,2.7,2.7753,3.0286
3/28/2018,2.1061,2.2842,2.4051,2.5956,2.7174,2.7807,3.0214
3/29/2018,2.0822,2.2661,2.3831,2.562,2.6841,2.7389,2.9737
3/30/2018,2.0822,2.2661,2.3831,2.562,2.6841,2.7389,2.9737
4/2/2018,2.0717,2.2459,2.3637,2.5469,2.6718,2.7298,2.9619
4/3/2018,2.0768,2.2782,2.4052,2.5957,2.7188,2.7753,3.011
4/4/2018,2.0585,2.2924,2.4273,2.6193,2.7437,2.8027,3.0359
4/5/2018,2.0662,2.3026,2.4412,2.638,2.7661,2.832,3.073
4/6/2018,2.0451,2.2661,2.3997,2.5858,2.7066,2.7735,3.0182
4/9/2018,2.0554,2.2783,2.4108,2.5976,2.7165,2.779,3.0118
4/10/2018,2.0606,2.3069,2.4442,2.6247,2.7414,2.8009,3.0214
4/11/2018,2.0579,2.307,2.443,2.6129,2.7215,2.7808,2.9951
4/12/2018,2.0865,2.348,2.4947,2.6707,2.7814,2.8358,3.0431
4/13/2018,2.0915,2.3566,2.5002,2.6726,2.7765,2.8267,3.027
4/16/2018,2.0992,2.3773,2.5194,2.6795,2.7816,2.8267,3.0246
4/17/2018,2.1278,2.394,2.5277,2.6881,2.7841,2.8285,3.0198
4/18/2018,2.1513,2.4293,2.5717,2.7309,2.8268,2.8728,3.0601
4/19/2018,2.1773,2.4275,2.5828,2.7549,2.8646,2.9098,3.0983
4/20/2018,2.1901,2.4573,2.6164,2.7999,2.9128,2.9602,3.1451
4/23/2018,2.2057,2.4764,2.6359,2.8207,2.9357,2.9752,3.1443
4/24/2018,2.2082,2.4746,2.6333,2.826,2.9535,2.9995,3.1825
4/25/2018,2.2475,2.4878,2.6335,2.8366,2.9714,3.0259,3.2068
4/26/2018,2.2291,2.4817,2.6199,2.8124,2.936,2.9809,3.1642
4/27/2018,2.2288,2.4838,2.6178,2.8006,2.9197,2.9568,3.1245
4/30/2018,2.2339,2.4879,2.6263,2.7972,2.9123,2.9531,3.1237
5/1/2018,2.2443,2.5042,2.6404,2.8124,2.9247,2.9644,3.1287
5/2/2018,2.2337,2.4882,2.6295,2.7955,2.9172,2.9663,3.146
5/3/2018,2.2231,2.4762,2.6158,2.7803,2.8924,2.9458,3.1213
5/4/2018,2.2307,2.4969,2.6332,2.7837,2.8998,2.9497,3.1221
5/7/2018,2.2332,2.497,2.6306,2.7871,2.8998,2.9497,3.1229
5/8/2018,2.2383,2.5094,2.6448,2.8143,2.9298,2.976,3.1295
5/9/2018,2.2461,2.53,2.6823,2.8398,2.9573,3.0042,3.1618
5/10/2018,2.2486,2.5302,2.685,2.8296,2.9323,2.9622,3.1082
5/11/2018,2.2483,2.5349,2.6905,2.8382,2.9398,2.9695,3.1041
5/14/2018,2.2586,2.5475,2.7069,2.8621,2.9699,3.0024,3.1347
5/15/2018,2.2742,2.5745,2.7452,2.9186,3.0379,3.0723,3.2007
5/16/2018,2.2768,2.5851,2.7618,2.9392,3.0607,3.0964,3.2172
5/17/2018,2.2871,2.5647,2.7482,2.9359,3.0633,3.1112,3.2462
5/18/2018,2.2894,2.5467,2.7127,2.8881,3.0104,3.0559,3.1974
5/21/2018,2.3129,2.5656,2.7293,2.895,3.013,3.0596,3.2015
5/22/2018,2.2945,2.568,2.7266,2.8968,3.013,3.0597,3.2048
5/23/2018,2.2806,2.5282,2.6633,2.8249,2.945,2.9935,3.1517
5/24/2018,2.2605,2.5081,2.6496,2.8141,2.9325,2.977,3.125
5/25/2018,2.247,2.4758,2.6082,2.7652,2.8849,2.9313,3.092
5/28/2018,2.247,2.4758,2.6082,2.7652,2.8849,2.9313,3.092
5/29/2018,2.1631,2.3191,2.4321,2.5841,2.7147,2.781,2.9745
5/30/2018,2.2049,2.4115,2.531,2.6811,2.8008,2.855,3.0269
5/31/2018,2.2231,2.4274,2.5502,2.6962,2.8057,2.8586,3.0253
6/1/2018,2.2568,2.4716,2.5998,2.7483,2.8576,2.9022,3.0506
6/4/2018,2.2803,2.5161,2.6497,2.7939,2.8998,2.9424,3.0848
6/5/2018,2.2802,2.4918,2.6191,2.7685,2.8774,2.9277,3.084
6/6/2018,2.2958,2.5161,2.6497,2.8091,2.9223,2.9717,3.1217
6/7/2018,2.2879,2.4876,2.6163,2.7634,2.8724,2.9204,3.068
6/8/2018,2.2823,2.4977,2.633,2.7838,2.8973,2.9461,3.0896
6/11/2018,2.2979,2.5202,2.6525,2.7957,2.9023,2.9516,3.0936
6/12/2018,2.3083,2.5387,2.6714,2.8093,2.9123,2.9608,3.0935
6/13/2018,2.316,2.5675,2.6987,2.8297,2.9273,2.9663,3.0863
6/14/2018,2.3081,2.5635,2.6877,2.8059,2.8998,2.9351,3.0545
6/15/2018,2.3025,2.5471,2.6742,2.7974,2.8873,2.9205,3.0465
6/18/2018,2.3181,2.5492,2.6687,2.7906,2.8798,2.9169,3.0489
6/19/2018,2.3102,2.5452,2.6496,2.7702,2.8574,2.8967,3.0323
6/20/2018,2.3445,2.5659,2.677,2.8077,2.8973,2.9389,3.0775
6/21/2018,2.3208,2.5369,2.6441,2.7668,2.8548,2.8967,3.0441
6/22/2018,2.3205,2.5412,2.6413,2.7668,2.8523,2.8949,3.0394
6/25/2018,2.3204,2.5329,2.6276,2.7515,2.8398,2.8803,3.0244
6/26/2018,2.3203,2.5329,2.6221,2.7463,2.8348,2.8766,3.0251
6/27/2018,2.3123,2.504,2.5835,2.6952,2.7824,2.8256,2.9673
6/28/2018,2.3069,2.5101,2.5945,2.7142,2.7973,2.8365,2.9657
6/29/2018,2.3119,2.5282,2.622,2.7378,2.8218,2.8601,2.989
7/2/2018,2.317,2.5485,2.6413,2.7548,2.8343,2.8711,2.9929
7/3/2018,2.3089,2.5242,2.6164,2.7211,2.7921,2.8309,2.9586
7/4/2018,2.3089,2.5242,2.6164,2.7211,2.7921,2.8309,2.9586
7/5/2018,2.3088,2.5507,2.6386,2.7279,2.797,2.8291,2.9447
7/6/2018,2.3033,2.5365,2.6302,2.7178,2.7896,2.8217,2.9293
7/9/2018,2.3162,2.559,2.6581,2.7484,2.8245,2.8564,2.964
7/10/2018,2.3188,2.5693,2.6609,2.7467,2.817,2.8491,2.9555
7/11/2018,2.3291,2.5776,2.6741,2.7502,2.8195,2.8491,2.9524
7/12/2018,2.3421,2.5859,2.6741,2.7468,2.8145,2.8454,2.9462
7/13/2018,2.3444,2.578,2.6523,2.7249,2.7946,2.8271,2.9315
7/16/2018,2.36,2.5966,2.6769,2.7522,2.8246,2.8582,2.9616
7/17/2018,2.373,2.6154,2.6851,2.7625,2.8296,2.86,2.9694
7/18/2018,2.3997,2.6093,2.6879,2.7676,2.8346,2.8692,2.9857
7/19/2018,2.3864,2.5907,2.6605,2.7336,2.8022,2.838,2.9585
7/20/2018,2.3887,2.5931,2.6771,2.7645,2.8473,2.8931,3.0258
7/23/2018,2.3991,2.6287,2.7239,2.8176,2.9076,2.9541,3.091
7/24/2018,2.3937,2.6331,2.7322,2.8195,2.9051,2.9486,3.0758
7/25/2018,2.3989,2.6694,2.7544,2.8488,2.9354,2.9746,3.1031
7/26/2018,2.404,2.6815,2.7711,2.8597,2.938,2.9764,3.0998
7/27/2018,2.4036,2.6694,2.7604,2.8394,2.9172,2.9542,3.0822
7/30/2018,2.4062,2.6613,2.7577,2.8496,2.9322,2.9728,3.1047
7/31/2018,2.4087,2.6694,2.7661,2.8479,2.9247,2.9598,3.0822
8/1/2018,2.4243,2.6776,2.7802,2.8751,2.9621,3.0064,3.1321
8/2/2018,2.4137,2.6634,2.7608,2.8548,2.9397,2.9859,3.1184
8/3/2018,2.4081,2.6432,2.7304,2.8125,2.8998,2.9488,3.0886
8/6/2018,2.4132,2.6452,2.7277,2.8041,2.8849,2.9395,3.0894
8/7/2018,2.421,2.6697,2.7585,2.8414,2.9198,2.973,3.1176
8/8/2018,2.4156,2.6677,2.7609,2.8312,2.9123,2.96,3.1103
8/9/2018,2.4129,2.6452,2.7363,2.8075,2.8799,2.9258,3.0717
8/10/2018,2.3942,2.6042,2.6791,2.7448,2.8227,2.8732,3.0303
8/13/2018,2.4045,2.6124,2.6927,2.7499,2.8251,2.8786,3.0471
8/14/2018,2.4071,2.637,2.7118,2.7719,2.8425,2.8985,3.0672
8/15/2018,2.4365,2.6082,2.679,2.7346,2.8052,2.8623,3.0319
8/16/2018,2.439,2.6164,2.6817,2.7413,2.8126,2.8659,3.0255
8/17/2018,2.4281,2.6059,2.6787,2.7413,2.8076,2.8605,3.0199
8/20/2018,2.4175,2.5851,2.6458,2.6971,2.7629,2.819,2.9849
8/21/2018,2.4252,2.5954,2.6621,2.7107,2.7752,2.8298,2.9928
8/22/2018,2.4172,2.5912,2.651,2.7039,2.7652,2.8189,2.9841
8/23/2018,2.4224,2.6162,2.6729,2.7225,2.7801,2.8261,2.9802
8/24/2018,2.4246,2.6202,2.6726,2.7122,2.7675,2.8098,2.9589
8/27/2018,2.435,2.6412,2.7001,2.7412,2.8023,2.8459,2.9936
8/28/2018,2.4507,2.6654,2.7277,2.7737,2.8372,2.8804,3.0303
8/29/2018,2.4584,2.6755,2.7415,2.782,2.8447,2.884,3.0207
8/30/2018,2.4425,2.6492,2.711,2.75,2.8143,2.855,3.0031
8/31/2018,2.4473,2.6269,2.6914,2.7382,2.8094,2.8604,3.0191
9/3/2018,2.4473,2.6269,2.6914,2.7382,2.8094,2.8604,3.0191
9/4/2018,2.4708,2.6533,2.7219,2.7719,2.8493,2.8985,3.0616
9/5/2018,2.4681,2.6493,2.719,2.7685,2.8468,2.9022,3.0753
9/6/2018,2.4679,2.633,2.694,2.7415,2.8169,2.8731,3.0527
9/7/2018,2.5069,2.7025,2.772,2.8211,2.8919,2.9388,3.1014
9/10/2018,2.5121,2.7108,2.7776,2.8228,2.8844,2.9314,3.081
9/11/2018,2.5146,2.7438,2.8168,2.8671,2.9346,2.9755,3.1185
9/12/2018,2.5417,2.7481,2.8184,2.862,2.9221,2.9626,3.1038
9/13/2018,2.5468,2.7565,2.8239,2.8723,2.9297,2.97,3.1071
9/14/2018,2.5543,2.7777,2.8541,2.9033,2.9626,2.9959,3.1309
9/17/2018,2.5542,2.7779,2.8432,2.8879,2.9501,2.9867,3.1284
9/18/2018,2.5672,2.7988,2.8818,2.9428,3.0159,3.0551,3.2014
9/19/2018,2.5618,2.7907,2.8846,2.9464,3.021,3.0626,3.2098
9/20/2018,2.5669,2.8034,2.893,2.9533,3.0237,3.0626,3.1956
9/21/2018,2.5639,2.7999,2.8878,2.9485,3.0239,3.0628,3.1998
9/24/2018,2.569,2.8169,2.9017,2.9675,3.0444,3.0889,3.2258
9/25/2018,2.5742,2.8391,2.913,2.9814,3.0572,3.0964,3.2258
9/26/2018,2.5661,2.8148,2.877,2.9444,3.0064,3.048,3.1814
9/27/2018,2.566,2.8269,2.891,2.9563,3.0116,3.0518,3.1831
9/28/2018,2.563,2.8188,2.883,2.9529,3.0199,3.0612,3.2057
10/1/2018,2.5734,2.8189,2.8859,2.9614,3.0349,3.0836,3.2343
10/2/2018,2.5706,2.8108,2.8832,2.9512,3.0199,3.0631,3.2175
10/3/2018,2.6046,2.872,2.9643,3.0449,3.1303,3.1813,3.3353
10/4/2018,2.6098,2.868,2.9617,3.045,3.1329,3.187,3.3475
10/5/2018,2.6066,2.885,2.9821,3.0693,3.1734,3.2328,3.4036
10/8/2018,2.6066,2.885,2.9821,3.0693,3.1734,3.2328,3.4036
10/9/2018,2.617,2.8851,2.9794,3.0557,3.1482,3.2063,3.3685
10/10/2018,2.6497,2.8421,2.929,3.0027,3.0978,3.1629,3.3476
10/11/2018,2.6469,2.8484,2.9353,3.0044,3.0928,3.1498,3.3233
10/12/2018,2.6465,2.8528,2.9408,3.0149,3.1054,3.1613,3.3347
10/15/2018,2.6542,2.855,2.9408,3.0098,3.1004,3.1557,3.3364
10/16/2018,2.6488,2.8655,2.9518,3.0236,3.1106,3.1633,3.3338
10/17/2018,2.6566,2.8885,2.9821,3.058,3.1485,3.205,3.3722
10/18/2018,2.6512,2.8741,2.9574,3.0272,3.1182,3.1786,3.3634
10/19/2018,2.6613,2.9038,2.9824,3.0463,3.1335,3.1921,3.3758
10/22/2018,2.6585,2.9082,2.9853,3.0498,3.1361,3.1978,3.3881
10/23/2018,2.6452,2.879,2.9522,3.012,3.0981,3.1676,3.3679
10/24/2018,2.6187,2.8305,2.8831,2.9398,3.0275,3.1035,3.3305
10/25/2018,2.637,2.8467,2.9024,2.9596,3.0426,3.1167,3.3427
10/26/2018,2.6103,2.8062,2.8554,2.9071,2.9975,3.0755,3.3098
10/29/2018,2.6312,2.8164,2.872,2.919,3.0075,3.0849,3.3306
10/30/2018,2.639,2.8507,2.908,2.9562,3.0449,3.1227,3.3637
10/31/2018,2.6546,2.8669,2.9247,2.9749,3.0624,3.1435,3.3909
11/1/2018,2.6492,2.8445,2.8997,2.9563,3.0474,3.1303,3.376
11/2/2018,2.6751,2.9034,2.9696,3.033,3.1278,3.2121,3.454
11/5/2018,2.6723,2.9075,2.9724,3.028,3.1178,3.2008,3.4282
11/6/2018,2.6959,2.9279,3.0067,3.0554,3.1455,3.2276,3.4433
11/7/2018,2.7368,2.9567,3.0369,3.0795,3.1607,3.2355,3.4416
11/8/2018,2.734,2.965,3.0424,3.0916,3.1684,3.2373,3.4337
11/9/2018,2.7254,2.9241,2.9929,3.0353,3.113,3.1819,3.3842
11/12/2018,2.7254,2.9241,2.9929,3.0353,3.113,3.1819,3.3842
11/13/2018,2.7174,2.8911,2.949,2.984,3.0626,3.1397,3.3592
11/14/2018,2.704,2.8663,2.9216,2.9567,3.04,3.125,3.3667
11/15/2018,2.6854,2.8539,2.9051,2.9379,3.0224,3.1103,3.3592
11/16/2018,2.6587,2.7998,2.842,2.8782,2.9698,3.0628,3.3163
11/19/2018,2.6532,2.7893,2.831,2.8697,2.9697,3.0628,3.3212
11/20/2018,2.6531,2.8037,2.8474,2.8867,2.9747,3.0628,3.3147
11/21/2018,2.6555,2.8139,2.8501,2.8901,2.9772,3.0627,3.3163
11/22/2018,2.6555,2.8139,2.8501,2.8901,2.9772,3.0627,3.3163
11/23/2018,2.655,2.8094,2.8361,2.8662,2.9496,3.039,3.3015
11/26/2018,2.6681,2.8302,2.8554,2.885,2.9671,3.0535,3.3113
11/27/2018,2.6758,2.8329,2.8609,2.8901,2.9721,3.0572,3.3187
11/28/2018,2.6704,2.8086,2.8415,2.8649,2.9595,3.059,3.3459
11/29/2018,2.6729,2.8086,2.8276,2.8463,2.9421,3.0298,3.3245
11/30/2018,2.6777,2.7865,2.7997,2.8125,2.8973,2.9879,3.29
12/3/2018,2.6986,2.8211,2.8274,2.8175,2.8849,2.9697,3.2535
12/4/2018,2.6931,2.7947,2.805,2.7871,2.8402,2.9136,3.1727
12/5/2018,2.6931,2.7947,2.805,2.7871,2.8402,2.9136,3.1727
12/6/2018,2.6944,2.76,2.766,2.7533,2.8179,2.8955,3.1624
12/7/2018,2.6755,2.7109,2.7127,2.6891,2.7584,2.845,3.1403
12/10/2018,2.6806,2.7292,2.7321,2.7142,2.7757,2.8575,3.1293
12/11/2018,2.6936,2.7641,2.7626,2.7411,2.8004,2.879,3.1261
12/12/2018,2.6909,2.7723,2.7755,2.7681,2.8351,2.9096,3.1497
12/13/2018,2.6775,2.762,2.7563,2.7545,2.8301,2.9131,3.1694
12/14/2018,2.6666,2.733,2.7207,2.7306,2.8052,2.8895,3.1433
12/17/2018,2.6453,2.6916,2.6824,2.6933,2.7729,2.857,3.1128
12/18/2018,2.6241,2.6439,2.6277,2.646,2.7283,2.8175,3.0677
12/19/2018,2.6187,2.6458,2.6194,2.6189,2.6814,2.7548,2.9807
12/20/2018,2.6291,2.6706,2.6496,2.6677,2.7282,2.8065,3.0484
12/21/2018,2.6182,2.6389,2.6194,2.6386,2.7181,2.7902,3.0308
12/24/2018,2.5811,2.5593,2.5534,2.5793,2.6562,2.7383,2.9934
12/25/2018,2.5811,2.5593,2.5534,2.5793,2.6562,2.7383,2.9934
12/26/2018,2.6046,2.615,2.6055,2.6483,2.7328,2.8079,3.0645
12/27/2018,2.5782,2.5625,2.5587,2.6166,2.6758,2.7666,3.056
12/28/2018,2.5778,2.5161,2.4951,2.5547,2.6275,2.7182,3.0222
12/31/2018,2.596,2.4878,2.4563,2.5111,2.5857,2.6842,3.0145
1/1/2019,2.596,2.4878,2.4563,2.5111,2.5857,2.6842,3.0145
1/2/2019,2.5864,2.4676,2.4286,2.4577,2.5196,2.6204,2.9518
1/3/2019,2.4942,2.3786,2.3376,2.3579,2.4319,2.5535,2.9025
1/4/2019,2.5622,2.4937,2.4749,2.5008,2.561,2.6677,2.981
1/7/2019,2.5752,2.5406,2.5218,2.5375,2.5954,2.696,2.9878
1/8/2019,2.6014,2.5855,2.5662,2.5795,2.6323,2.728,3.0068
1/9/2019,2.575,2.5529,2.5299,2.5475,2.6101,2.71,3.0029
1/10/2019,2.5854,2.5755,2.5463,2.5676,2.6373,2.7421,3.0627
1/11/2019,2.5665,2.5408,2.5163,2.5288,2.5953,2.7007,3.0334
1/14/2019,2.5664,2.5347,2.5109,2.5237,2.5928,2.7024,3.0526
1/15/2019,2.5584,2.5347,2.5136,2.5304,2.6051,2.7112,3.0734
1/16/2019,2.5582,2.5409,2.5218,2.537,2.615,2.7218,3.0711
1/17/2019,2.5607,2.5637,2.5491,2.5707,2.6521,2.7504,3.0741
1/18/2019,2.5786,2.6139,2.5986,2.6231,2.6944,2.7842,3.0974
1/21/2019,2.5786,2.6139,2.5986,2.6231,2.6944,2.7842,3.0974
1/22/2019,2.5864,2.5869,2.5629,2.5773,2.6497,2.7392,3.0594
1/23/2019,2.5784,2.5829,2.563,2.5756,2.6497,2.7409,3.0617
1/24/2019,2.5703,2.5642,2.5383,2.5502,2.6199,2.7157,3.0339
1/25/2019,2.5831,2.6063,2.588,2.5992,2.6696,2.7585,3.0662
1/28/2019,2.5908,2.5897,2.577,2.5805,2.6497,2.744,3.0662
1/29/2019,2.5828,2.5726,2.5467,2.5452,2.6099,2.7098,3.04
1/30/2019,2.5706,2.5081,2.4805,2.4833,2.5661,2.6775,3.0315
1/31/2019,2.5442,2.4576,2.4336,2.4365,2.5172,2.6293,2.9956
2/1/2019,2.5569,2.5019,2.4887,2.5033,2.5807,2.6842,3.0253
2/4/2019,2.5568,2.5364,2.5247,2.5352,2.6176,2.7235,3.0545
2/5/2019,2.554,2.5222,2.4997,2.51,2.5954,2.6983,3.0314
2/6/2019,2.5486,2.5243,2.4973,2.5033,2.5905,2.6946,3.0329
2/7/2019,2.5275,2.4795,2.4565,2.463,2.5512,2.6572,2.9947
2/8/2019,2.5245,2.465,2.4402,2.4445,2.5315,2.6339,2.9802
2/11/2019,2.5375,2.4854,2.462,2.4663,2.5535,2.6536,2.9921
2/12/2019,2.5373,2.5059,2.4891,2.4965,2.5879,2.6877,3.0247
2/13/2019,2.5398,2.5305,2.519,2.5235,2.6076,2.7021,3.0311
2/14/2019,2.5239,2.4935,2.4728,2.4729,2.5534,2.6536,2.9976
2/15/2019,2.5339,2.5141,2.489,2.4931,2.5656,2.6626,2.9936
2/18/2019,2.5339,2.5141,2.489,2.4931,2.5656,2.6626,2.9936
2/19/2019,2.5338,2.4872,2.4563,2.4576,2.536,2.6339,2.9778
2/20/2019,2.5311,2.4975,2.4644,2.4677,2.5434,2.6447,2.9952
2/21/2019,2.5388,2.5286,2.5054,2.5134,2.5952,2.6914,3.0495
2/22/2019,2.5332,2.4933,2.4615,2.471,2.5506,2.6518,3.0159
2/25/2019,2.5383,2.5058,2.4697,2.4761,2.558,2.6626,3.0271
2/26/2019,2.5277,2.4819,2.4449,2.4451,2.5308,2.6357,3.0055
2/27/2019,2.5338,2.498,2.4668,2.4803,2.581,2.6825,3.0648
2/28/2019,2.5363,2.5141,2.4943,2.5122,2.6205,2.715,3.0802
3/1/2019,2.5438,2.5526,2.5329,2.5562,2.6602,2.7531,3.1226
3/4/2019,2.5279,2.5405,2.5163,2.5276,2.628,2.7223,3.0891
3/5/2019,2.533,2.5446,2.5246,2.5277,2.6256,2.7169,3.081
3/6/2019,2.5302,2.5161,2.4942,2.4991,2.5935,2.6934,3.0705
3/7/2019,2.5196,2.4734,2.4444,2.4403,2.5368,2.6393,3.0262
3/8/2019,2.5192,2.461,2.4359,2.4303,2.5196,2.6285,3.0119
3/11/2019,2.5243,2.4752,2.4497,2.4421,2.5294,2.6393,3.027
3/12/2019,2.5137,2.4506,2.4076,2.4085,2.4975,2.6015,2.9912
3/13/2019,2.5162,2.4648,2.4266,2.4304,2.5221,2.6213,3.0159
3/14/2019,2.5134,2.4607,2.4184,2.4304,2.5245,2.6303,3.0455
3/15/2019,2.5104,2.4378,2.3886,2.3951,2.4876,2.5871,3.0111
3/18/2019,2.5077,2.4521,2.4049,2.4119,2.5073,2.6033,3.0174
3/19/2019,2.4944,2.4686,2.4213,2.4254,2.5171,2.6123,3.0222
3/20/2019,2.4628,2.3961,2.334,2.3277,2.4237,2.5263,2.9714
3/21/2019,2.4732,2.4084,2.3422,2.3412,2.4359,2.5369,2.9667
3/22/2019,2.4414,2.3166,2.2411,2.2419,2.3354,2.439,2.8739
3/25/2019,2.4098,2.2416,2.1647,2.1783,2.2866,2.3983,2.8616
3/26/2019,2.4202,2.2662,2.1917,2.2049,2.3109,2.423,2.8731
3/27/2019,2.3878,2.2,2.137,2.1563,2.2597,2.3665,2.8105
3/28/2019,2.393,2.2359,2.1832,2.2145,2.2986,2.3946,2.8226
3/29/2019,2.3874,2.26,2.2045,2.233,2.3132,2.405,2.8143
4/1/2019,2.4109,2.3326,2.2922,2.3215,2.4037,2.5009,2.8901
4/2/2019,2.395,2.3024,2.2564,2.2865,2.3744,2.4741,2.8769
4/3/2019,2.4054,2.3348,2.2948,2.3268,2.421,2.5241,2.9336
4/4/2019,2.4001,2.3369,2.2919,2.3201,2.4088,2.5151,2.9196
4/5/2019,2.4155,2.3393,2.2889,2.3053,2.3942,2.4954,2.9032
4/8/2019,2.418,2.3618,2.3137,2.3272,2.4188,2.5222,2.9273
4/9/2019,2.4179,2.3497,2.2915,2.3055,2.3992,2.5006,2.9141
4/10/2019,2.4046,2.3212,2.269,2.272,2.3648,2.4649,2.8923
4/11/2019,2.4098,2.354,2.3042,2.3107,2.3993,2.497,2.9265
4/12/2019,2.4226,2.3914,2.3612,2.3802,2.4686,2.5651,2.9769
4/15/2019,2.4225,2.3916,2.3559,2.3719,2.4588,2.5543,2.9682
4/16/2019,2.4381,2.4124,2.3832,2.4059,2.4961,2.5904,2.9919
4/17/2019,2.4406,2.4002,2.3751,2.4026,2.4962,2.594,2.9943
4/18/2019,2.4349,2.3802,2.3482,2.3709,2.4617,2.5596,2.961
4/19/2019,2.4349,2.3802,2.3482,2.3709,2.4617,2.5596,2.961
4/22/2019,2.4479,2.3866,2.3537,2.3863,2.4841,2.5885,2.9919
4/23/2019,2.4268,2.3639,2.3319,2.3593,2.4569,2.565,2.98
4/24/2019,2.4142,2.3178,2.2827,2.3119,2.4074,2.5181,2.9343
4/25/2019,2.4167,2.3319,2.3019,2.3299,2.4248,2.5325,2.9421
4/26/2019,2.4005,2.2821,2.2471,2.2882,2.3847,2.4982,2.9233
4/29/2019,2.403,2.2922,2.2663,2.3116,2.4116,2.5252,2.9547
4/30/2019,2.374,2.2661,2.2388,2.2783,2.3872,2.5018,2.9288
5/1/2019,2.3817,2.3044,2.2773,2.2999,2.3945,2.4999,2.9038
5/2/2019,2.4001,2.3448,2.3159,2.345,2.441,2.5414,2.9296
5/3/2019,2.3918,2.333,2.2995,2.3234,2.4239,2.525,2.9186
5/6/2019,2.3812,2.2904,2.247,2.2633,2.3603,2.4692,2.8883
5/7/2019,2.3679,2.2844,2.247,2.2583,2.353,2.4566,2.8643
5/8/2019,2.3783,2.2966,2.2604,2.285,2.3774,2.4835,2.8937
5/9/2019,2.3598,2.258,2.217,2.2449,2.3359,2.4423,2.8612
5/10/2019,2.3621,2.2661,2.2306,2.2633,2.3578,2.4672,2.8867
5/13/2019,2.3173,2.1884,2.1466,2.1831,2.2846,2.4015,2.8362
5/14/2019,2.3172,2.1965,2.1547,2.1881,2.2895,2.4104,2.8485
5/15/2019,2.304,2.1596,2.1142,2.148,2.2505,2.3732,2.8199
5/16/2019,2.3249,2.1922,2.1385,2.1696,2.2724,2.3944,2.8338
5/17/2019,2.3246,2.1981,2.144,2.1728,2.2722,2.3909,2.8253
5/20/2019,2.335,2.2208,2.1739,2.2046,2.3039,2.4157,2.8369
5/21/2019,2.3611,2.2538,2.1984,2.2264,2.321,2.4264,2.8439
5/22/2019,2.3562,2.2227,2.1603,2.1794,2.2721,2.382,2.8076
5/23/2019,2.3114,2.146,2.0895,2.1141,2.2112,2.3185,2.7535
5/24/2019,2.3215,2.1641,2.103,2.1205,2.2134,2.3202,2.7512
5/27/2019,2.3215,2.1641,2.103,2.1205,2.2134,2.3202,2.7512
5/28/2019,2.3056,2.1244,2.0593,2.0686,2.1551,2.2658,2.7045
5/29/2019,2.3002,2.109,2.0565,2.0694,2.1598,2.2605,2.6926
5/30/2019,2.2922,2.0609,2.0045,2.0198,2.1153,2.2133,2.64
5/31/2019,2.2,1.9221,1.8731,1.911,2.0167,2.1246,2.5685
6/3/2019,2.1134,1.8317,1.7885,1.8354,1.9544,2.071,2.5311
6/4/2019,2.1186,1.8834,1.8481,1.8961,2.019,2.1296,2.6113
6/5/2019,2.0399,1.8569,1.8233,1.8763,2.0117,2.1348,2.6465
6/6/2019,2.0346,1.8787,1.8421,1.8828,2.0021,2.1174,2.6135
6/7/2019,1.969,1.8494,1.8167,1.8529,1.9684,2.0809,2.572
6/10/2019,2.0212,1.9036,1.874,1.9155,2.0332,2.1484,2.6288
6/11/2019,2.0551,1.9297,1.8793,1.9155,2.0283,2.1431,2.6149
6/12/2019,2.0132,1.8786,1.8173,1.8708,1.9922,2.1205,2.6156
6/13/2019,1.9975,1.8357,1.7769,1.8378,1.9585,2.0945,2.6002
6/14/2019,2.0077,1.8405,1.7823,1.8326,1.9463,2.0804,2.5856
6/17/2019,2.0442,1.8687,1.812,1.8556,1.9679,2.0942,2.5827
6/18/2019,2.0729,1.8643,1.7985,1.8324,1.9318,2.0595,2.5488
6/19/2019,1.9338,1.7351,1.688,1.7581,1.8839,2.0233,2.5351
6/20/2019,1.9259,1.7775,1.7311,1.781,1.8933,2.0284,2.5401
6/21/2019,1.9283,1.7678,1.7229,1.7906,1.9146,2.054,2.5841
6/24/2019,1.9177,1.7324,1.6823,1.7475,1.8714,2.0143,2.5443
6/25/2019,1.9307,1.7318,1.6741,1.7243,1.845,1.985,2.5192
6/26/2019,1.962,1.7689,1.7418,1.7952,1.9144,2.0468,2.5695
6/27/2019,1.9384,1.7449,1.7092,1.7697,1.8807,2.014,2.5292
6/28/2019,1.9251,1.7549,1.7064,1.7664,1.875,2.0051,2.5291
7/1/2019,1.9303,1.7872,1.739,1.7894,1.8966,2.024,2.5478
7/2/2019,1.9145,1.7613,1.709,1.7434,1.8463,1.974,2.5013
7/3/2019,1.9118,1.7596,1.7062,1.7336,1.8319,1.9498,2.4666
7/4/2019,1.9118,1.7596,1.7062,1.7336,1.8319,1.9498,2.4666
7/5/2019,1.9664,1.8593,1.8129,1.8308,1.9182,2.0338,2.5419
7/8/2019,1.9951,1.89,1.835,1.8556,1.9399,2.0476,2.529
7/9/2019,2.0107,1.9066,1.8571,1.8789,1.9593,2.0648,2.5404
7/10/2019,1.9322,1.8277,1.7984,1.8259,1.9303,2.0613,2.5758
7/11/2019,1.9583,1.8625,1.8495,1.8923,2.0029,2.1378,2.6593
7/12/2019,1.9554,1.8471,1.8253,1.8709,1.9836,2.1219,2.6467
7/15/2019,1.9553,1.829,1.8065,1.8444,1.957,2.0887,2.6106
7/16/2019,1.984,1.8498,1.8308,1.8677,1.974,2.1026,2.6121
7/17/2019,1.9312,1.8111,1.7823,1.8129,1.9208,2.0451,2.5568
7/18/2019,1.8788,1.7559,1.7338,1.7665,1.8822,2.0242,2.564
7/19/2019,1.9309,1.8183,1.7851,1.8147,1.9257,2.0552,2.5792
7/22/2019,1.9413,1.8123,1.777,1.8031,1.916,2.0464,2.5712
7/23/2019,1.9647,1.8374,1.8041,1.8331,1.9475,2.0812,2.6156
7/24/2019,1.9673,1.8179,1.7824,1.8098,1.916,2.0428,2.5726
7/25/2019,1.9855,1.8639,1.8314,1.8585,1.9548,2.081,2.6083
7/26/2019,1.9852,1.8519,1.8179,1.8469,1.947,2.0703,2.5922
7/29/2019,1.9826,1.8579,1.8207,1.8469,1.9397,2.065,2.5907
7/30/2019,1.9772,1.8459,1.8099,1.842,1.9373,2.058,2.5798
7/31/2019,1.985,1.8721,1.8263,1.8272,1.9133,2.0144,2.5249
8/1/2019,1.8987,1.734,1.6845,1.6829,1.7701,1.8935,2.442
8/2/2019,1.8411,1.7118,1.6679,1.6582,1.7367,1.8452,2.382
8/5/2019,1.7784,1.5733,1.529,1.518,1.6043,1.7075,2.2543
8/6/2019,1.8018,1.583,1.5233,1.513,1.5972,1.7023,2.233
8/7/2019,1.7679,1.6069,1.5455,1.5503,1.6324,1.7342,2.2522
8/8/2019,1.7756,1.6188,1.5482,1.5453,1.6182,1.7172,2.2243
8/9/2019,1.7859,1.6466,1.591,1.5792,1.6533,1.7447,2.2586
8/12/2019,1.7572,1.5837,1.5107,1.4927,1.5636,1.6454,2.1325
8/13/2019,1.8535,1.6666,1.6098,1.584,1.6366,1.7035,2.1633
8/14/2019,1.777,1.5771,1.5241,1.4892,1.5352,1.5792,2.018
8/15/2019,1.7013,1.4957,1.4465,1.424,1.4789,1.5269,1.9729
8/16/2019,1.7038,1.4763,1.4303,1.4169,1.4878,1.5538,2.0348
8/19/2019,1.7428,1.5453,1.4919,1.477,1.551,1.6063,2.0874
8/20/2019,1.7193,1.5123,1.4436,1.4329,1.4992,1.5555,2.0375
8/21/2019,1.7714,1.5733,1.5,1.4735,1.5343,1.5893,2.0723
8/22/2019,1.7869,1.6121,1.5323,1.5011,1.5601,1.6131,2.1047
8/23/2019,1.7216,1.5332,1.4514,1.4173,1.4797,1.5351,2.0252
8/26/2019,1.745,1.5391,1.4567,1.4171,1.4772,1.5351,2.0354
8/27/2019,1.7475,1.5223,1.4324,1.3778,1.4302,1.4711,1.9501
8/28/2019,1.7344,1.5,1.4162,1.3792,1.43,1.4794,1.9714
8/29/2019,1.7526,1.52,1.4404,1.3963,1.451,1.4945,1.964
8/30/2019,1.7628,1.504,1.4266,1.3865,1.4505,1.4961,1.9626
9/2/2019,1.7628,1.504,1.4266,1.3865,1.4505,1.4961,1.9626
9/3/2019,1.7315,1.452,1.3723,1.3295,1.3985,1.4573,1.9526
9/4/2019,1.6846,1.4319,1.3559,1.3182,1.3962,1.4657,1.9699
9/5/2019,1.7444,1.526,1.459,1.426,1.5027,1.5586,2.0495
9/6/2019,1.7364,1.5402,1.478,1.4328,1.5076,1.5602,2.025
9/9/2019,1.7598,1.5928,1.5327,1.4987,1.5769,1.6438,2.1281
9/10/2019,1.8092,1.676,1.6234,1.5913,1.6706,1.7316,2.2163
9/11/2019,1.7849,1.6742,1.6126,1.5932,1.6731,1.7385,2.2213
9/12/2019,1.8187,1.7192,1.6583,1.6349,1.7046,1.7715,2.2557
9/13/2019,1.8655,1.7999,1.758,1.7507,1.8315,1.8958,2.3708
9/16/2019,1.8576,1.7593,1.7177,1.6991,1.7804,1.8467,2.3183
9/17/2019,1.8367,1.7248,1.6801,1.6576,1.7416,1.8013,2.268
9/18/2019,1.8549,1.7621,1.7046,1.6762,1.7539,1.7961,2.242
9/19/2019,1.8757,1.7378,1.6858,1.6597,1.7322,1.784,2.2277
9/20/2019,1.8181,1.683,1.616,1.6002,1.6695,1.7215,2.1616
9/23/2019,1.8023,1.6812,1.6161,1.6021,1.6648,1.7267,2.1729
9/24/2019,1.7814,1.6256,1.5485,1.5273,1.5876,1.6456,2.1036
9/25/2019,1.8048,1.6795,1.6163,1.6074,1.6723,1.7372,2.1863
9/26/2019,1.7709,1.6555,1.5919,1.5799,1.6336,1.6921,2.1419
9/27/2019,1.7524,1.6315,1.5732,1.562,1.6226,1.6801,2.1286
9/30/2019,1.7446,1.6217,1.5596,1.544,1.6131,1.6646,2.1105
10/1/2019,1.7028,1.5459,1.4918,1.4902,1.5705,1.6353,2.0925
10/2/2019,1.6637,1.478,1.4321,1.4316,1.5233,1.5992,2.0876
10/3/2019,1.5857,1.3901,1.3453,1.3473,1.4481,1.5341,2.0321
10/4/2019,1.5803,1.4036,1.3585,1.347,1.4432,1.529,2.0151
10/7/2019,1.6401,1.4617,1.4127,1.3908,1.476,1.558,2.0484
10/8/2019,1.5958,1.4194,1.3691,1.3517,1.4407,1.5289,2.0293
10/9/2019,1.5842,1.4657,1.4257,1.4037,1.4924,1.5836,2.0841
10/10/2019,1.6206,1.5424,1.5033,1.4885,1.5775,1.6681,2.1615
10/11/2019,1.636,1.5914,1.565,1.5542,1.6417,1.729,2.1941
10/14/2019,1.636,1.5914,1.565,1.5542,1.6417,1.729,2.1941
10/15/2019,1.6255,1.618,1.5974,1.5971,1.6823,1.771,2.2348
10/16/2019,1.5812,1.5835,1.5626,1.5608,1.6464,1.7395,2.2248
10/17/2019,1.576,1.5999,1.5763,1.5757,1.6632,1.7518,2.2341
10/18/2019,1.5654,1.5736,1.5552,1.5675,1.656,1.7536,2.2492
10/21/2019,1.5758,1.621,1.6013,1.6106,1.704,1.7993,2.2913
10/22/2019,1.5731,1.5944,1.5798,1.5858,1.668,1.7607,2.2521
10/23/2019,1.5757,1.5817,1.58,1.5908,1.6777,1.7642,2.2543
10/24/2019,1.5808,1.5777,1.5775,1.5832,1.6753,1.766,2.2622
10/25/2019,1.5859,1.6176,1.6134,1.6192,1.7058,1.7943,2.287
10/28/2019,1.5936,1.6435,1.6463,1.6618,1.7488,1.842,2.3339
10/29/2019,1.5754,1.6415,1.6492,1.6618,1.7464,1.8385,2.3347
10/30/2019,1.5468,1.5976,1.5949,1.6061,1.6844,1.7715,2.2521
10/31/2019,1.4948,1.5239,1.5161,1.5195,1.6037,1.691,2.1791
11/1/2019,1.518,1.552,1.5438,1.5424,1.6274,1.7103,2.1897
11/4/2019,1.5439,1.5822,1.5877,1.5932,1.6845,1.777,2.263
11/5/2019,1.5906,1.6245,1.6372,1.664,1.7683,1.8584,2.3384
11/6/2019,1.5712,1.6086,1.6117,1.6311,1.7347,1.8283,2.3156
11/7/2019,1.5789,1.6672,1.6889,1.7302,1.8334,1.9173,2.3974
11/8/2019,1.5735,1.6742,1.7026,1.7456,1.8579,1.9417,2.4243
11/11/2019,1.5735,1.6742,1.7026,1.7456,1.8579,1.9417,2.4243
11/12/2019,1.5761,1.6623,1.6919,1.7391,1.8459,1.9347,2.4162
11/13/2019,1.5604,1.636,1.6544,1.6911,1.7952,1.886,2.3648
11/14/2019,1.5422,1.5914,1.5929,1.6284,1.7278,1.8186,2.2997
11/15/2019,1.5342,1.6101,1.6116,1.6468,1.7448,1.8308,2.3047
11/18/2019,1.5342,1.598,1.6035,1.6353,1.7328,1.8153,2.299
11/19/2019,1.5316,1.5961,1.5927,1.6204,1.7088,1.7826,2.2513
11/20/2019,1.5237,1.5757,1.5658,1.589,1.6752,1.7449,2.209
11/21/2019,1.5393,1.6046,1.5926,1.6189,1.7064,1.7723,2.2315
11/22/2019,1.5573,1.6277,1.6087,1.624,1.7041,1.7706,2.2209
11/25/2019,1.5676,1.6134,1.5979,1.6108,1.6945,1.7551,2.2013
11/26/2019,1.578,1.5819,1.5762,1.5959,1.6801,1.7414,2.179
11/27/2019,1.5831,1.6259,1.6141,1.6292,1.7163,1.7654,2.1901
11/28/2019,1.5831,1.6259,1.6141,1.6292,1.7107,1.7654,2.1901
11/29/2019,1.5855,1.6119,1.6086,1.6259,1.7274,1.7758,2.2054
12/2/2019,1.5777,1.6,1.614,1.6424,1.7585,1.8189,2.266
12/3/2019,1.5465,1.538,1.5378,1.5424,1.6535,1.7157,2.1636
12/4/2019,1.553,1.5721,1.5813,1.5998,1.706,1.774,2.2271
12/5/2019,1.5477,1.5923,1.6085,1.6327,1.7419,1.8103,2.2596
12/6/2019,1.545,1.6149,1.6386,1.6626,1.7708,1.8363,2.2774
12/9/2019,1.5449,1.613,1.6276,1.6561,1.7541,1.819,2.2546
12/10/2019,1.5501,1.6517,1.6652,1.6859,1.7806,1.8416,2.2645
12/11/2019,1.5318,1.6133,1.6223,1.6381,1.7349,1.7914,2.2263
12/12/2019,1.5474,1.6582,1.684,1.7258,1.8289,1.8922,2.3103
12/13/2019,1.5161,1.6037,1.6196,1.6532,1.7591,1.8226,2.2524
12/16/2019,1.5108,1.6263,1.6518,1.7014,1.8075,1.8713,2.2866
12/17/2019,1.5134,1.6224,1.6519,1.7065,1.8148,1.8801,2.306
12/18/2019,1.5133,1.6287,1.6653,1.7332,1.8463,1.9169,2.3472
12/19/2019,1.5081,1.6268,1.66,1.7317,1.8489,1.9204,2.3538
12/20/2019,1.5105,1.6294,1.6573,1.7304,1.8442,1.9171,2.3421
12/23/2019,1.5261,1.6523,1.6763,1.7488,1.8589,1.9294,2.3567
12/24/2019,1.5156,1.621,1.6385,1.709,1.8275,1.8996,2.329
12/25/2019,1.5156,1.621,1.6385,1.709,1.8275,1.8996,2.329
12/26/2019,1.5156,1.631,1.6439,1.7189,1.8178,1.8944,2.3218
12/27/2019,1.4921,1.5812,1.5978,1.678,1.8001,1.8752,2.316
12/30/2019,1.4842,1.5653,1.5896,1.6699,1.7977,1.8788,2.3297
12/31/2019,1.566,1.5691,1.6086,1.691,1.8313,1.9175,2.3896
1/1/2020,1.566,1.5691,1.6086,1.691,1.8313,1.9175,2.3896
1/2/2020,1.5581,1.569,1.5922,1.6665,1.793,1.8771,2.3312
1/3/2020,1.5242,1.5246,1.5403,1.5896,1.7047,1.7881,2.2444
1/6/2020,1.5293,1.5445,1.5566,1.6058,1.7214,1.809,2.2858
1/7/2020,1.5059,1.5404,1.5565,1.6122,1.7285,1.8177,2.3052
1/8/2020,1.5266,1.5806,1.6071,1.6629,1.7811,1.8738,2.3625
1/9/2020,1.524,1.5785,1.5964,1.653,1.7667,1.8545,2.3297
1/10/2020,1.5187,1.5702,1.583,1.6315,1.7404,1.8196,2.2786
1/13/2020,1.5186,1.5843,1.5964,1.6495,1.7643,1.8459,2.3015
1/14/2020,1.516,1.57,1.5776,1.6199,1.7284,1.8109,2.27
1/15/2020,1.5393,1.5536,1.5589,1.5985,1.7069,1.783,2.2359
1/16/2020,1.5341,1.5657,1.5751,1.6247,1.7332,1.8074,2.2578
1/17/2020,1.5469,1.5592,1.5672,1.6195,1.7332,1.8215,2.2807
1/20/2020,1.5469,1.5592,1.5672,1.6195,1.7332,1.8215,2.2807
1/21/2020,1.5312,1.5304,1.5323,1.575,1.6853,1.7743,2.2358
1/22/2020,1.5364,1.5283,1.5269,1.5749,1.6852,1.7691,2.2217
1/23/2020,1.5363,1.5137,1.5053,1.5469,1.6494,1.7325,2.1782
1/24/2020,1.5206,1.4947,1.4756,1.5038,1.6016,1.6839,2.1324
1/27/2020,1.5206,1.4409,1.4162,1.4414,1.5279,1.608,2.0567
1/28/2020,1.5309,1.4625,1.454,1.4791,1.5706,1.6562,2.1118
1/29/2020,1.488,1.4128,1.3891,1.4058,1.5,1.5839,2.0392
1/30/2020,1.4671,1.4128,1.3917,1.4058,1.5024,1.5856,2.0506
1/31/2020,1.4229,1.3132,1.294,1.3134,1.4199,1.5068,1.9996
2/3/2020,1.441,1.353,1.3317,1.3474,1.4481,1.5272,2.0069
2/4/2020,1.4747,1.409,1.3966,1.419,1.5189,1.5991,2.0769
2/5/2020,1.4773,1.4431,1.4373,1.4631,1.5664,1.6508,2.1385
2/6/2020,1.4876,1.4452,1.4372,1.4615,1.5616,1.6422,2.1089
2/7/2020,1.4719,1.4011,1.3906,1.4044,1.5071,1.5834,2.0484
2/10/2020,1.4615,1.3931,1.3769,1.388,1.4881,1.5696,2.0389
2/11/2020,1.4718,1.4234,1.3986,1.4207,1.5189,1.6006,2.0659
2/12/2020,1.4822,1.4437,1.4205,1.4503,1.5499,1.6333,2.089
2/13/2020,1.4769,1.4438,1.4178,1.4437,1.538,1.6173,2.0706
2/14/2020,1.469,1.4279,1.3964,1.4159,1.5071,1.5848,2.0391
2/17/2020,1.469,1.4279,1.3964,1.4159,1.5071,1.5848,2.0391
2/18/2020,1.4585,1.4116,1.3777,1.3979,1.4833,1.561,2.0111
2/19/2020,1.4663,1.4219,1.3911,1.4078,1.4928,1.5661,2.0139
2/20/2020,1.4507,1.3892,1.3589,1.3635,1.443,1.5152,1.9606
2/21/2020,1.4194,1.3543,1.3186,1.3224,1.4027,1.4713,1.9147
2/24/2020,1.3417,1.2476,1.2032,1.2096,1.2919,1.3705,1.8347
2/25/2020,1.3184,1.2248,1.179,1.1835,1.2731,1.3521,1.8254
2/26/2020,1.2519,1.1647,1.1467,1.159,1.2589,1.3371,1.8241
2/27/2020,1.1432,1.0615,1.0502,1.0686,1.1631,1.2607,1.7577
2/28/2020,1.0089,0.913,0.8972,0.9356,1.0623,1.1486,1.6752
3/2/2020,0.9186,0.9029,0.8994,0.9419,1.0715,1.1632,1.7213
3/3/2020,0.6974,0.6991,0.7076,0.7431,0.8847,0.999,1.6145
3/4/2020,0.5974,0.6926,0.7176,0.7825,0.9374,1.0522,1.7014
3/5/2020,0.4795,0.5973,0.6242,0.6779,0.816,0.912,1.5407
3/6/2020,0.3823,0.5062,0.5585,0.6093,0.711,0.7623,1.2874
3/9/2020,0.3108,0.381,0.4308,0.4772,0.5599,0.5407,0.9953
3/10/2020,0.4053,0.5342,0.6261,0.6672,0.7675,0.803,1.2799
3/11/2020,0.3542,0.5195,0.6371,0.7034,0.8336,0.8695,1.3919
3/12/2020,0.3542,0.481,0.5579,0.6035,0.749,0.8042,1.4399
3/13/2020,0.3184,0.4903,0.6001,0.7168,0.9043,0.9603,1.5293
3/16/2020,0.2368,0.3599,0.4264,0.4905,0.6621,0.7182,1.2841
3/17/2020,0.2546,0.4925,0.6161,0.7434,0.9735,1.0784,1.6844
3/18/2020,0.1654,0.5337,0.6507,0.7879,1.0899,1.1915,1.7875
3/19/2020,0.1119,0.4507,0.5528,0.6872,1.0082,1.1404,1.7848
3/20/2020,0.0839,0.3134,0.3733,0.4585,0.727,0.8454,1.4169
3/23/2020,0.1119,0.3123,0.3336,0.411,0.645,0.7863,1.3509
3/24/2020,0.1832,0.3715,0.4153,0.5225,0.7359,0.8466,1.3954
3/25/2020,0.17,0.3299,0.3914,0.5254,0.7449,0.8673,1.4448
3/26/2020,0.1192,0.2927,0.3675,0.5254,0.7219,0.8447,1.431
3/27/2020,0.0913,0.2418,0.2904,0.3942,0.5612,0.6746,1.2635
3/30/2020,0.1218,0.2281,0.2955,0.4131,0.5862,0.7264,1.3366
3/31/2020,0.1548,0.2455,0.2926,0.3799,0.5407,0.6695,1.3214
4/1/2020,0.1167,0.2061,0.2554,0.3515,0.4862,0.5832,1.2191
4/2/2020,0.1319,0.2255,0.279,0.3814,0.5088,0.597,1.2394
4/3/2020,0.1294,0.2289,0.2997,0.3844,0.511,0.5948,1.2094
4/6/2020,0.1523,0.2622,0.3342,0.4397,0.577,0.6698,1.2785
4/7/2020,0.1624,0.2601,0.3496,0.4571,0.6158,0.7122,1.2945
4/8/2020,0.198,0.252,0.3391,0.4714,0.6548,0.7722,1.3765
4/9/2020,0.198,0.2254,0.2945,0.4045,0.5952,0.7191,1.3435
4/10/2020,0.198,0.2254,0.2945,0.4045,0.5952,0.7191,1.3435
4/13/2020,0.2183,0.2452,0.3207,0.449,0.6411,0.7713,1.4071
4/14/2020,0.2107,0.219,0.284,0.4203,0.6112,0.752,1.4017
4/15/2020,0.1522,0.1969,0.2369,0.3377,0.5014,0.6316,1.2655
4/16/2020,0.1446,0.2066,0.2552,0.3567,0.5128,0.6267,1.2234
4/17/2020,0.1446,0.2019,0.25,0.3596,0.5195,0.6417,1.2601
4/20/2020,0.1167,0.2016,0.25,0.3421,0.4898,0.6053,1.2164
4/21/2020,0.1116,0.2034,0.2421,0.3356,0.4738,0.5691,1.1626
4/22/2020,0.1599,0.2133,0.2605,0.3673,0.5125,0.619,1.2146
4/23/2020,0.1599,0.2191,0.2685,0.3689,0.5102,0.6015,1.1804
4/24/2020,0.1472,0.2245,0.2712,0.3734,0.5169,0.6008,1.1696
4/27/2020,0.165,0.2223,0.2871,0.4037,0.5605,0.6605,1.2557
4/28/2020,0.1396,0.2112,0.2659,0.375,0.5191,0.6129,1.2042
4/29/2020,0.1396,0.2014,0.2526,0.3671,0.5273,0.6269,1.2499
4/30/2020,0.1421,0.1956,0.2447,0.3624,0.5342,0.6393,1.2848
5/1/2020,0.1599,0.19,0.2367,0.3497,0.5114,0.6118,1.2486
5/4/2020,0.1421,0.1822,0.242,0.3639,0.5251,0.6336,1.2765
5/5/2020,0.1294,0.1882,0.2473,0.375,0.5411,0.6619,1.332
5/6/2020,0.1421,0.1784,0.242,0.3718,0.5663,0.703,1.3937
5/7/2020,0.1294,0.1388,0.1913,0.3054,0.4977,0.6409,1.329
5/8/2020,0.1269,0.1568,0.2152,0.3338,0.532,0.6831,1.3828
5/11/2020,0.1446,0.1747,0.2232,0.3512,0.5504,0.7099,1.416
5/12/2020,0.1395,0.1589,0.2034,0.3242,0.5137,0.6651,1.3698
5/13/2020,0.1294,0.1589,0.2034,0.3162,0.4977,0.6525,1.3451
5/14/2020,0.1345,0.147,0.1877,0.3051,0.4771,0.6218,1.2909
5/15/2020,0.1395,0.1451,0.1826,0.3082,0.4863,0.6428,1.3266
5/18/2020,0.1497,0.1772,0.2273,0.3702,0.5574,0.7257,1.4365
5/19/2020,0.1421,0.1652,0.2064,0.332,0.5206,0.6882,1.4089
5/20/2020,0.1523,0.1633,0.2117,0.3383,0.5206,0.6801,1.3978
5/21/2020,0.1523,0.1653,0.2118,0.3383,0.5184,0.672,1.386
5/22/2020,0.1497,0.1676,0.2068,0.3334,0.5046,0.6591,1.3705
5/25/2020,0.1497,0.1676,0.2068,0.3334,0.5046,0.6591,1.3705
5/26/2020,0.1624,0.1717,0.2122,0.3478,0.5276,0.6965,1.4446
5/27/2020,0.1751,0.1799,0.2202,0.3478,0.523,0.6819,1.4399
5/28/2020,0.1624,0.1701,0.215,0.3384,0.5253,0.69,1.4519
5/29/2020,0.1573,0.1603,0.194,0.3036,0.4977,0.6526,1.4064
6/1/2020,0.1599,0.1564,0.1941,0.3052,0.5,0.6591,1.4506
6/2/2020,0.1548,0.1623,0.2048,0.3179,0.5182,0.6852,1.4873
6/3/2020,0.1624,0.19,0.2422,0.3655,0.5754,0.7458,1.5305
6/4/2020,0.1573,0.194,0.253,0.4084,0.6397,0.8234,1.6318
6/5/2020,0.1599,0.2062,0.2828,0.463,0.7023,0.8951,1.6656
6/8/2020,0.1751,0.2261,0.283,0.4471,0.6861,0.8752,1.6417
6/9/2020,0.1726,0.2024,0.2631,0.4009,0.6423,0.8253,1.5758
6/10/2020,0.1751,0.1667,0.1977,0.315,0.5389,0.7263,1.5063
6/11/2020,0.1802,0.1967,0.2291,0.323,0.516,0.669,1.4019
6/12/2020,0.1751,0.193,0.2239,0.3279,0.5389,0.7034,1.4568
6/15/2020,0.1649,0.189,0.2238,0.3423,0.5527,0.7215,1.4608
6/16/2020,0.1776,0.1992,0.229,0.3439,0.5642,0.7528,1.5431
6/17/2020,0.1777,0.1952,0.2264,0.344,0.5551,0.738,1.5295
6/18/2020,0.1777,0.1933,0.2238,0.3328,0.5344,0.7084,1.4816
6/19/2020,0.1675,0.1855,0.2184,0.3266,0.5252,0.6937,1.4582
6/22/2020,0.1675,0.1917,0.221,0.3394,0.5391,0.7085,1.4642
6/23/2020,0.1726,0.1857,0.2131,0.3299,0.5368,0.7118,1.4917
6/24/2020,0.165,0.1876,0.2104,0.3155,0.5138,0.679,1.4291
6/25/2020,0.165,0.1857,0.2051,0.332,0.5184,0.6856,1.4344
6/26/2020,0.1523,0.1661,0.1838,0.302,0.4886,0.6413,1.3701
6/29/2020,0.1472,0.1485,0.1679,0.2736,0.4659,0.6234,1.3734
6/30/2020,0.1497,0.1485,0.1731,0.2878,0.4909,0.6561,1.4107
7/1/2020,0.1472,0.1603,0.189,0.3115,0.5114,0.6758,1.4232
7/2/2020,0.1446,0.1526,0.1808,0.2958,0.4977,0.6693,1.4272
7/3/2020,0.1446,0.1526,0.1808,0.2958,0.4977,0.6693,1.4272
7/6/2020,0.1522,0.1566,0.186,0.3022,0.5023,0.6759,1.4392
7/7/2020,0.1421,0.1567,0.1806,0.2864,0.4772,0.6397,1.3748
7/8/2020,0.1446,0.1587,0.1851,0.3007,0.4977,0.6644,1.3996
7/9/2020,0.137,0.1508,0.1772,0.2832,0.4635,0.6135,1.3134
7/10/2020,0.137,0.1529,0.1851,0.3055,0.4931,0.6447,1.3359
7/13/2020,0.1472,0.1509,0.1772,0.2849,0.4657,0.6184,1.3077
7/14/2020,0.1472,0.157,0.1851,0.2897,0.468,0.6233,1.3109
7/15/2020,0.1421,0.155,0.1799,0.2881,0.4703,0.6299,1.3321
7/16/2020,0.137,0.145,0.1721,0.2754,0.4589,0.6168,1.3083
7/17/2020,0.137,0.1451,0.1749,0.2834,0.4657,0.6266,1.3289
7/20/2020,0.137,0.1472,0.1749,0.2787,0.4588,0.6102,1.3116
7/21/2020,0.137,0.1411,0.1644,0.2643,0.4473,0.6004,1.309
7/22/2020,0.1345,0.1492,0.1724,0.2739,0.4473,0.5971,1.293
7/23/2020,0.1345,0.1513,0.1724,0.2707,0.4382,0.5774,1.2311
7/24/2020,0.1319,0.1473,0.1672,0.2756,0.4427,0.5888,1.2293
7/27/2020,0.137,0.1514,0.1779,0.2852,0.4633,0.6151,1.2601
7/28/2020,0.1192,0.1387,0.162,0.2642,0.4289,0.579,1.2168
7/29/2020,0.1192,0.1309,0.1488,0.2516,0.4272,0.5741,1.2362
7/30/2020,0.1091,0.1172,0.1303,0.2311,0.4045,0.5462,1.2068
7/31/2020,0.1065,0.1054,0.1144,0.2044,0.3818,0.5282,1.1925
8/3/2020,0.1116,0.1093,0.1197,0.2185,0.4,0.5543,1.2318
8/4/2020,0.1116,0.1073,0.1117,0.1902,0.3569,0.5069,1.1857
8/5/2020,0.1192,0.1171,0.1277,0.2232,0.3954,0.5477,1.2217
8/6/2020,0.1192,0.1151,0.1277,0.2137,0.3841,0.5362,1.1981
8/7/2020,0.1243,0.129,0.141,0.231,0.4068,0.564,1.2336
8/10/2020,0.1319,0.131,0.1437,0.2358,0.416,0.5755,1.2538
8/11/2020,0.1345,0.1489,0.1679,0.2754,0.4709,0.6415,1.329
8/12/2020,0.1319,0.1609,0.1904,0.3039,0.5007,0.6747,1.3738
8/13/2020,0.1345,0.1629,0.2009,0.3215,0.5237,0.7208,1.4277
8/14/2020,0.1294,0.145,0.18,0.2945,0.4986,0.7094,1.4471
8/17/2020,0.1243,0.1511,0.18,0.2882,0.4826,0.6882,1.4341
8/18/2020,0.1218,0.1431,0.1669,0.277,0.4711,0.6687,1.3955
8/19/2020,0.1218,0.1391,0.167,0.2834,0.478,0.6801,1.4238
8/20/2020,0.1091,0.1411,0.1644,0.2723,0.4574,0.6509,1.3833
8/21/2020,0.1192,0.1432,0.1619,0.2643,0.4414,0.6282,1.3407
8/24/2020,0.1218,0.1513,0.1751,0.2819,0.4621,0.6542,1.3559
8/25/2020,0.1218,0.1493,0.1778,0.2931,0.4829,0.6835,1.3935
8/26/2020,0.1192,0.1504,0.1752,0.2852,0.4829,0.6884,1.4135
8/27/2020,0.1192,0.1583,0.1911,0.313,0.5269,0.7522,1.5096
8/28/2020,0.1091,0.127,0.1435,0.2689,0.4955,0.7211,1.501
8/31/2020,0.1116,0.1309,0.1489,0.2673,0.4886,0.7048,1.4747
9/1/2020,0.1167,0.1309,0.1462,0.2532,0.4614,0.6689,1.42
9/2/2020,0.1116,0.1329,0.1489,0.2516,0.45,0.6477,1.3788
9/3/2020,0.1116,0.127,0.1436,0.2484,0.4364,0.6347,1.3616
9/4/2020,0.1192,0.1428,0.1731,0.2991,0.5023,0.718,1.4714
9/7/2020,0.1192,0.1428,0.1731,0.2991,0.5023,0.718,1.4714
9/8/2020,0.1268,0.1408,0.1651,0.2674,0.4635,0.6788,1.4213
9/9/2020,0.1345,0.1468,0.172,0.2817,0.4795,0.7001,1.457
9/10/2020,0.1319,0.1389,0.1616,0.2674,0.4635,0.6772,1.4187
9/11/2020,0.1294,0.127,0.1511,0.2516,0.4452,0.6658,1.4116
9/14/2020,0.1294,0.137,0.1589,0.2643,0.4543,0.6723,1.4116
9/15/2020,0.1243,0.139,0.1616,0.2722,0.4589,0.6789,1.431
9/16/2020,0.1192,0.137,0.1616,0.2818,0.4748,0.6969,1.459
9/17/2020,0.1142,0.135,0.159,0.277,0.4703,0.6887,1.4388
9/18/2020,0.1167,0.1391,0.1618,0.2819,0.4748,0.6937,1.4532
9/21/2020,0.1142,0.1371,0.1539,0.2659,0.4542,0.6658,1.4148
9/22/2020,0.1167,0.1351,0.1539,0.2659,0.4542,0.6708,1.4233
9/23/2020,0.1142,0.1387,0.1592,0.2707,0.4587,0.6724,1.4168
9/24/2020,0.1116,0.1328,0.1566,0.2752,0.4541,0.6659,1.4077
9/25/2020,0.1116,0.1289,0.1488,0.2673,0.4545,0.6544,1.4007
9/28/2020,0.1091,0.125,0.1435,0.2579,0.4476,0.6528,1.4149
9/29/2020,0.1065,0.123,0.1462,0.2547,0.4454,0.6495,1.4149
9/30/2020,0.1167,0.127,0.1568,0.2768,0.4704,0.684,1.4552
10/1/2020,0.1116,0.127,0.1568,0.2721,0.4636,0.6774,1.4552
10/2/2020,0.1116,0.1289,0.1649,0.2863,0.482,0.7005,1.4868
10/5/2020,0.1218,0.1447,0.1889,0.3354,0.5509,0.7817,1.5892
10/6/2020,0.1192,0.1467,0.1783,0.3117,0.5119,0.7353,1.5366
10/7/2020,0.1269,0.1507,0.1982,0.3419,0.5579,0.7868,1.5859
10/8/2020,0.1269,0.1508,0.1956,0.3372,0.5511,0.7852,1.5866
10/9/2020,0.1269,0.1529,0.1982,0.3374,0.549,0.7737,1.5717
10/12/2020,0.1269,0.1529,0.1982,0.3374,0.549,0.7737,1.5717
10/13/2020,0.1269,0.139,0.1746,0.304,0.5054,0.7272,1.5107
10/14/2020,0.1218,0.139,0.1746,0.304,0.5054,0.7256,1.5054
10/15/2020,0.1192,0.139,0.1747,0.3136,0.5147,0.7322,1.5134
10/16/2020,0.1192,0.1431,0.1801,0.3217,0.524,0.7456,1.5287
10/19/2020,0.1192,0.1451,0.1906,0.3345,0.5472,0.769,1.5597
10/20/2020,0.1192,0.1431,0.1881,0.3345,0.5542,0.7857,1.5915
10/21/2020,0.1218,0.1472,0.196,0.3554,0.5844,0.8226,1.6354
10/22/2020,0.1192,0.1533,0.204,0.3747,0.61,0.8562,1.6756
10/23/2020,0.1167,0.1554,0.2016,0.3765,0.6079,0.8429,1.641
10/26/2020,0.1192,0.1494,0.191,0.3509,0.5708,0.801,1.5909
10/27/2020,0.1167,0.1453,0.1805,0.3301,0.5431,0.7676,1.553
10/28/2020,0.1142,0.1466,0.1806,0.3301,0.5501,0.771,1.5537
10/29/2020,0.1167,0.1466,0.1886,0.3701,0.5943,0.823,1.6019
10/30/2020,0.1167,0.1525,0.1967,0.3844,0.6419,0.8737,1.6598
11/2/2020,0.1167,0.1545,0.1941,0.3749,0.6235,0.8434,1.6163
11/3/2020,0.1167,0.1663,0.2102,0.3956,0.6604,0.8993,1.68
11/4/2020,0.1192,0.1447,0.1836,0.3275,0.5502,0.7629,1.541
11/5/2020,0.1167,0.1447,0.1863,0.3259,0.548,0.7629,1.5236
11/6/2020,0.1167,0.1527,0.1972,0.361,0.5893,0.8185,1.6
11/9/2020,0.1218,0.1706,0.2321,0.428,0.6816,0.9235,1.7089
11/10/2020,0.1142,0.1807,0.2526,0.4538,0.7165,0.9595,1.7415
11/11/2020,0.1142,0.1807,0.2526,0.4538,0.7165,0.9753,1.7415
11/12/2020,0.1142,0.1768,0.2264,0.3916,0.6355,0.8815,1.6385
11/13/2020,0.1167,0.179,0.2343,0.4062,0.6519,0.8963,1.6469
11/16/2020,0.1065,0.1771,0.2317,0.4063,0.6589,0.9061,1.6628
11/17/2020,0.1065,0.1692,0.2185,0.3792,0.6196,0.857,1.6059
11/18/2020,0.0989,0.1732,0.2264,0.3952,0.6358,0.8701,1.6
11/19/2020,0.0964,0.1612,0.2132,0.3729,0.6035,0.8293,1.5453
11/20/2020,0.0964,0.1573,0.2079,0.3715,0.6037,0.8243,1.5196
11/23/2020,0.0938,0.1594,0.2131,0.3844,0.6268,0.8537,1.5531
11/24/2020,0.0964,0.1602,0.2157,0.3955,0.6408,0.8799,1.6052
11/25/2020,0.0989,0.1583,0.2051,0.394,0.6456,0.8816,1.6237
11/26/2020,0.0989,0.1583,0.2051,0.394,0.6456,0.8816,1.6237
11/27/2020,0.0913,0.1524,0.1917,0.364,0.609,0.8373,1.5699
11/30/2020,0.1065,0.1485,0.1864,0.3608,0.6113,0.8389,1.5673
12/1/2020,0.1015,0.1662,0.2155,0.4161,0.6823,0.926,1.6682
12/2/2020,0.1065,0.1584,0.2128,0.4146,0.6846,0.936,1.6856
12/3/2020,0.0989,0.1486,0.1995,0.394,0.6571,0.9063,1.6529
12/4/2020,0.0989,0.1507,0.21,0.4162,0.6985,0.9659,1.7344
12/7/2020,0.0989,0.1408,0.1966,0.3861,0.6571,0.9228,1.6796
12/8/2020,0.0964,0.1508,0.2019,0.3925,0.6571,0.9179,1.6622
12/9/2020,0.0964,0.1488,0.2113,0.4036,0.6709,0.9361,1.6843
12/10/2020,0.0913,0.1369,0.1929,0.3861,0.6457,0.9063,1.627
12/11/2020,0.0812,0.115,0.1746,0.3655,0.6273,0.8964,1.627
12/14/2020,0.0812,0.115,0.1694,0.3575,0.6227,0.8931,1.629
12/15/2020,0.0837,0.113,0.1721,0.3639,0.6342,0.908,1.6502
12/16/2020,0.0812,0.115,0.1747,0.367,0.6388,0.9163,1.6555
12/17/2020,0.0837,0.121,0.1826,0.3782,0.6526,0.9329,1.6803
12/18/2020,0.0837,0.121,0.1802,0.3814,0.6596,0.9462,1.6918
12/21/2020,0.0862,0.121,0.1776,0.3798,0.6527,0.9346,1.673
12/22/2020,0.0837,0.1129,0.1645,0.3622,0.6342,0.9164,1.6482
12/23/2020,0.0812,0.1169,0.1671,0.3702,0.655,0.943,1.681
12/24/2020,0.0862,0.1189,0.1646,0.3622,0.6435,0.9231,1.6602
12/25/2020,0.0862,0.1189,0.1646,0.3622,0.6435,0.9231,1.6602
12/28/2020,0.0964,0.1189,0.1647,0.3542,0.6389,0.9231,1.6589
12/29/2020,0.0938,0.125,0.17,0.3782,0.6435,0.9364,1.675
12/30/2020,0.1015,0.1211,0.1648,0.3671,0.6502,0.9231,1.6556
12/31/2020,0.104,0.1211,0.1649,0.3608,0.6433,0.9132,1.6449
1/1/2021,0.104,0.1211,0.1649,0.3608,0.6433,0.9132,1.6449
1/4/2021,0.0964,0.1132,0.1569,0.3497,0.6319,0.9132,1.6556
1/5/2021,0.0938,0.1211,0.1703,0.3766,0.6663,0.9549,1.7081
1/6/2021,0.1015,0.1369,0.1997,0.4258,0.7331,1.0355,1.814
1/7/2021,0.104,0.1428,0.2132,0.4545,0.7725,1.0778,1.8576
