id,loan_type,ticker,cpn,pik_margin,libor_floor,date_issued,maturity,curr,amt_out,covi_lite
BL029150,ASSET-BASED REV,HCA,150,0,#N/A N/A,9/30/2011,6/28/2022,USD,3750000000,N
BL049152,TERM,CZR,525,0,#N/A N/A,3/1/2012,3/1/2017,USD,5469242720,N
BL055917,TERM,ARCH,450,0,125,5/16/2012,5/16/2018,USD,1950000000,Y
BL078201,TERM,ABEGET,350,0,125,10/18/2012,10/18/2019,USD,1954560000,Y
BL083751,TERM,ROYPHA,200,0,#N/A N/A,11/2/2012,8/10/2016,USD,2000000000,N
BL084362,TERM,OCN,375,0,125,2/15/2013,2/15/2018,USD,1300000000,N
BL086576,TERM,SQA,400,0,125,12/19/2012,6/19/2017,USD,1500000000,Y
BL087301,TERM,MGM,300,0,100,12/20/2012,12/20/2017,USD,3995625000,N
BL089318,TERM,ARRS,200,0,#N/A N/A,3/27/2013,3/27/2018,USD,2175000000,N
BL091240,TERM,WIN,275,0,75,1/23/2013,1/23/2020,USD,3919359800,N
BL091278,TERM,TOMKLN,275,0,100,1/18/2013,9/29/2016,USD,1742887582,N
BL091833,TERM,MIK,275,0,100,1/28/2013,1/28/2020,USD,2490000000,Y
BL092245,TERM,PETC,300,0,100,2/4/2013,11/24/2017,USD,1197437500,Y
BL092363,TERM,PPD,325,0,100,1/31/2013,12/5/2018,USD,1780000000,Y
BL092676,TERM,EMS,300,0,100,2/7/2013,5/25/2018,USD,2320000000,Y
BL092761,TERM,BERY,250,0,100,2/8/2013,2/8/2020,USD,4609125000,Y
BL092944,TERM,KRON,350,0,100,2/11/2013,10/30/2019,USD,1795000000,Y
BL093092,ASSET-BASED REV,RAD,#N/A N/A,0,0,2/21/2013,1/13/2020,USD,3700000000,Y
BL093094,TERM,CPN,300,0,100,2/15/2013,4/1/2018,USD,1277000000,Y
BL093267,TERM,ASUCOR,325,0,125,2/21/2013,5/24/2019,USD,5780000000,Y
BL093319,TERM,SGMS,325,0,100,10/18/2013,10/18/2020,USD,4892589286,N
BL093423,TERM,DELL,350,0,100,10/29/2013,4/29/2020,USD,7122220000,Y
BL093424,TERM,DELL,275,0,100,10/29/2013,10/29/2018,USD,6778905000,Y
BL093478,TERM,TDG,300,0,75,2/28/2013,2/28/2020,USD,7013650951,Y
BL093487,TERM,TWCCHO,275,0,75,2/15/2013,2/13/2017,USD,1735625000,N
BL094039,TERM,KHC,225,0,100,6/7/2013,6/7/2019,USD,11500000000,Y
BL094040,TERM,KHC,250,0,100,6/7/2013,6/5/2020,USD,11500000000,Y
BL094048,TERM,VEYANC,400,0,125,3/8/2013,9/8/2017,USD,1200000000,Y
BL094357,TERM,SDSINC,300,0,100,3/8/2013,3/8/2020,USD,3708000000,Y
BL095588,TERM,SUNPRD,425,0,125,3/18/2013,3/18/2020,USD,1155000000,#N/A N/A
BL095780,TERM,CHTR,225,0,75,4/12/2013,7/1/2020,USD,12053000000,N
BL095797,TERM,GDI,325,0,100,7/30/2013,7/30/2020,USD,2700320000,Y
BL096093,TERM,NTY,250,0,100,3/21/2013,10/1/2017,USD,1682500000,Y
BL096577,TERM,WW,300,0,75,4/2/2013,4/2/2020,USD,2450000000,Y
BL096647,TERM,WOWFIN,375,0,100,4/1/2013,4/1/2019,USD,2185000000,N
BL096707,TERM,CAPIAU,325,0,100,4/10/2013,4/10/2019,USD,1700000000,N
BL097468,TERM,ABCSUP,275,0,75,4/16/2013,4/16/2020,USD,1250000000,Y
BL097608,TERM,HTZ,225,0,75,4/8/2013,3/11/2018,USD,2350000000,Y
BL097957,TERM,EM,250,0,125,4/25/2013,11/2/2018,USD,1967930000,N
BL098004,TERM,CEQUEL,275,0,75,4/12/2013,2/14/2019,USD,3278000000,#N/A N/A
BL098312,TERM,CSCHLD,250,0,#N/A N/A,4/17/2013,4/17/2020,USD,4808510000,N
BL098526,TERM,PF,250,0,75,4/29/2013,4/29/2020,USD,2855000000,N
BL098814,TERM,CDWC,250,0,100,4/29/2013,4/29/2020,USD,1540000000,Y
BL098910,TERM,HCA,275,0,#N/A N/A,4/25/2013,5/1/2018,USD,7272848846,N
BL099078,TERM,UPCB,250,0,75,4/18/2013,6/30/2021,USD,6248000000,N
BL099300,TERM,CHTR,225,0,75,5/3/2013,1/3/2021,USD,12053000000,N
BL099672,TERM,ALBLLC,375,0,100,5/9/2013,3/21/2019,USD,7441032166,Y
BL099712,TERM,HCA,275,0,#N/A N/A,5/3/2013,3/31/2017,USD,7772848846,N
BL099828,TERM,DRY,325,0,100,5/14/2013,11/8/2019,USD,1615000000,Y
BL099899,TERM,JCP,500,0,100,5/22/2013,5/22/2018,USD,2250000000,Y
BL100184,TERM,LPLA,250,0,75,5/13/2013,3/29/2019,USD,2643375000,N
BL100258,TERM,GNRC,275,0,75,5/31/2013,5/31/2020,USD,1200000000,Y
BL100413,TERM,WMG,275,0,100,5/9/2013,7/1/2020,USD,1310000000,Y
BL100557,TERM,GLOLIN,375,0,125,5/23/2013,5/21/2020,USD,1060000000,Y
BL100568,TERM,SEAS,225,0,75,5/14/2013,5/14/2020,USD,2613305615,N
BL100838,TERM,IHRT,675,0,#N/A N/A,5/31/2013,#N/A Field Not Applicable,USD,6300000000,N
BL100855,TERM,MGM,250,0,100,5/14/2013,12/20/2019,USD,3995625000,Y
BL101006,TERM,ARYLIF,350,0,100,5/30/2013,5/23/2020,USD,1475000000,N
BL101469,TERM,UVN,300,0,100,5/29/2013,3/1/2020,USD,5476726000,Y
BL101668,TERM,NRG,200,0,75,6/4/2013,7/1/2018,USD,4411000000,N
BL101669,TERM,USFOOD,350,0,100,6/7/2013,3/31/2019,USD,2100000000,Y
BL101755,TERM,CAREST,400,0,100,6/7/2013,6/7/2019,USD,904665121,Y
BL101955,TERM,PAH,300,0,100,6/7/2013,6/7/2020,USD,3544511300,Y
BL102070,TERM,BMC,400,0,100,9/10/2013,9/10/2020,USD,4228000000,Y
BL105168,TERM,BPOCN,325,0,#N/A N/A,6/3/2013,6/3/2016,USD,1000000000,#N/A N/A
BL105980,TERM,CNGO,600,0,100,3/31/2014,3/31/2020,USD,2050000000,Y
BL106009,DELAY-DRAW TERM,MEG,325,0,100,7/31/2013,7/31/2020,USD,1935000000,Y
BL106054,TERM,TRCO,300,0,100,12/27/2013,12/27/2020,USD,4073000000,Y
BL106540,TERM,HARFRE,375,0,100,7/26/2013,7/26/2019,USD,1000000000,Y
BL107477,TERM,ATVI,250,0,75,10/11/2013,10/11/2020,USD,5300000000,Y
BL107508,TERM,NCR,175,0,#N/A N/A,7/25/2013,7/25/2018,USD,2215000000,N
BL107829,TERM,MSYLN,400,0,100,8/16/2013,12/12/2018,USD,1418323000,N
BL107844,TERM,CYH,325,0,100,1/27/2014,1/27/2021,USD,8302000000,Y
BL108583,TERM,RXN,300,0,100,8/21/2013,8/21/2020,USD,2215000000,Y
BL109116,TERM,ALSN,275,0,100,8/26/2013,8/23/2019,USD,2913240854,Y
BL109181,TERM,LVLT,300,0,100,8/16/2013,1/15/2020,USD,4610500000,Y
BL109926,TERM,QUIKHO,300,0,100,9/26/2013,9/30/2020,USD,1332775000,Y
BL110020,PIK TERM,AKRX,350,75,100,4/17/2014,4/16/2021,USD,1045000000,Y
BL110708,TERM,BMET,350,0,#N/A N/A,9/25/2013,7/25/2017,USD,4140950000,Y
BL110843,TERM,BTU,325,0,100,9/24/2013,9/24/2020,USD,2850000000,N
BL111404,TERM,JAH,275,0,#N/A N/A,10/3/2013,9/30/2020,USD,3499738665,N
BL111757,TERM,HLT,300,0,100,10/25/2013,10/26/2020,USD,5225000000,Y
BL112344,TERM,CERPLC,600,0,100,10/11/2013,10/11/2020,USD,2769500000,N
BL112803,TERM,LAUR,375,0,125,10/3/2013,6/16/2018,USD,2146582846,N
BL114892,TERM,SOWISP,175,0,#N/A N/A,10/7/2013,10/7/2018,USD,2650000000,#N/A N/A
BL115177,TERM,SANCRE,400,0,100,11/8/2013,11/8/2020,USD,1202000000,N
BL115808,TERM,BJ,350,0,100,11/18/2013,9/26/2019,USD,1500000000,Y
BL115963,TERM,MUNINY,#N/A N/A,#N/A N/A,#N/A N/A,10/31/2013,#N/A Field Not Applicable,USD,1600000000,#N/A N/A
BL115999,DIP TERM,TXU,275,0,75,5/5/2014,11/7/2016,USD,4475000000,Y
BL116098,TERM,ET,250,0,75,12/2/2013,12/2/2019,USD,1400000000,N
BL116118,TERM,SERSIM,325,0,100,11/18/2013,10/1/2019,USD,1280175000,Y
BL116180,TERM,MURREN,425,0,100,12/5/2013,12/5/2019,USD,1245000000,#N/A N/A
BL116455,TERM,BRANDI,375,0,100,11/26/2013,11/26/2020,USD,1575000000,Y
BL116463,TERM,ONECAL,400,0,100,11/27/2013,11/27/2020,USD,1081913930,Y
BL116682,TERM,EIGI,400,0,100,11/25/2013,11/9/2019,USD,1950000000,N
BL116794,TERM,ZAYO,300,0,100,11/26/2013,7/2/2019,USD,2474750000,N
BL116800,TERM,DAL,275,0,75,11/25/2013,4/20/2017,USD,2569062500,N
BL116873,TERM,REYNOL,300,0,100,11/27/2013,12/1/2018,USD,2620817100,N
BL116877,TERM,QTRN,250,0,125,12/20/2013,6/8/2018,USD,2461000000,Y
BL116943,TERM,BASSPR,300,0,75,11/21/2013,11/20/2019,USD,1127000000,#N/A N/A
BL117008,TERM,GNC,250,0,75,11/26/2013,3/4/2019,USD,1131197356,N
BL117034,TERM,ALIANT,325,0,100,12/20/2013,12/20/2019,USD,1228700000,Y
BL117204,TERM,NUGGET,300,0,100,11/27/2013,4/24/2018,USD,1200000000,#N/A N/A
BL117389,TERM,BRKMAN,300,0,100,12/18/2013,12/18/2020,USD,1695357143,Y
BL117463,TERM,IHRT,750,0,#N/A N/A,12/18/2013,7/30/2019,USD,6300000000,N
BL117572,TERM,SLXP,325,0,100,1/2/2014,1/2/2020,USD,1350000000,Y
BL118040,REV,LVS,150,0,#N/A N/A,12/19/2013,9/19/2020,USD,4760675000,N
BL118041,TERM,LVS,250,0,75,12/19/2013,12/19/2020,USD,3400000000,Y
BL118169,TERM,DHCP,375,0,100,12/19/2013,12/18/2020,USD,1600000000,Y
BL118200,TERM,COMINV,325,0,100,12/30/2013,12/27/2019,USD,1522000000,Y
BL118318,TERM,CMLS,325,0,100,12/23/2013,12/23/2020,USD,2025000000,Y
BL118319,TERM,AAL,300,0,75,12/27/2013,6/27/2019,USD,3300000000,N
BL118506,TERM,FIAT,275,0,75,12/23/2013,5/24/2017,USD,4482500000,N
BL118671,TERM,LWSN,275,0,100,1/2/2014,6/3/2020,USD,3693140000,Y
BL118741,TERM,REDPRA,500,0,100,12/23/2013,12/21/2018,USD,1589000000,Y
BL118799,TERM,CCI,225,0,75,12/30/2013,1/31/2021,USD,5910000000,N
BL119025,TERM,BERY,275,0,100,1/6/2014,1/6/2021,USD,4625000000,Y
BL121633,TERM,UVN,300,0,100,1/23/2014,3/1/2020,USD,5476726000,Y
BL121714,TERM,AXTA,300,0,100,2/3/2014,2/1/2020,USD,3219692500,Y
BL121825,TERM,KCI,300,0,100,1/22/2014,5/4/2018,USD,2371738736,N
BL121913,TERM,LTSBUY,325,0,75,1/29/2014,4/13/2020,USD,2489500000,Y
BL121990,TERM,WSTC,250,0,75,1/24/2014,6/30/2018,USD,2194000000,N
BL122220,TERM,CYH,325,0,#N/A N/A,1/27/2014,1/25/2017,USD,8279000000,Y
BL122455,TERM,FDC,350,0,#N/A N/A,1/30/2014,3/24/2017,USD,10960746565,N
BL122457,TERM,FDC,400,0,#N/A N/A,1/30/2014,3/24/2021,USD,9971232998,N
BL122582,TERM,SVU,350,0,100,1/31/2014,3/21/2019,USD,1484608413,Y
BL122630,TERM,AVYA,550,0,100,2/5/2014,3/31/2018,USD,3376000000,Y
BL122633,TERM,DNKN,250,0,75,2/7/2014,2/7/2021,USD,1928919345,N
BL122640,TERM,SBAC,250,0,75,2/7/2014,3/24/2021,USD,3000000000,N
BL122712,TERM,DAL,275,0,75,2/6/2014,10/18/2018,USD,1935000000,N
BL122781,TERM,SEDGEW,275,0,100,2/28/2014,2/28/2021,USD,2224437500,Y
BL123045,TERM,FIAT,250,0,75,2/7/2014,12/31/2018,USD,1750000000,N
BL123094,TERM,PRX,300,0,100,2/20/2014,9/28/2019,USD,2025000000,Y
BL123144,TERM,ADSWST,300,0,75,2/14/2014,10/9/2019,USD,3862000000,Y
BL123241,TERM,INEGRP,275,0,100,2/21/2014,5/4/2018,USD,4100483350,Y
BL123705,TERM,PRTY,300,0,100,2/27/2014,7/27/2019,USD,1110965625,Y
BL123733,TERM,WYN,300,0,100,4/14/2014,4/14/2021,USD,2350000000,Y
BL123901,TERM,ARMK,250,0,75,2/24/2014,9/7/2019,USD,5021674857,N
BL123902,TERM,ARMK,250,0,75,2/24/2014,2/24/2021,USD,5021674857,N
BL123909,TERM,DLM,275,0,75,2/24/2014,3/8/2020,USD,1726400000,Y
BL123980,TERM,HOLX,250,0,75,2/26/2014,8/1/2019,USD,2446000000,N
BL124059,TERM,SABHLD,325,0,100,2/20/2014,2/19/2019,USD,3532250000,Y
BL124258,TERM,RRR,325,0,100,3/18/2014,3/1/2020,USD,1962000000,Y
BL124272,TERM,KAR,275,0,75,3/11/2014,3/11/2021,USD,2770000000,Y
BL124514,TERM,FSL,325,0,100,3/4/2014,3/1/2020,USD,3920000000,Y
BL124533,TERM,JCG,300,0,100,3/5/2014,3/5/2021,USD,1549990000,N
BL124603,TERM,PVH,175,0,#N/A N/A,3/21/2014,2/13/2019,USD,2966392000,N
BL124773,TERM,RLGY,300,0,75,3/10/2014,3/5/2020,USD,2775600000,Y
BL124813,TERM,IQV,275,0,100,3/17/2014,3/17/2021,USD,4937141540,N
BL124824,TERM,MTLPUB,275,0,100,3/6/2014,6/29/2018,USD,1153681386,N
BL124880,TERM,GRFSM,300,0,#N/A N/A,2/27/2014,2/27/2021,USD,7681280000,N
BL124892,TERM,WMMORR,425,0,100,5/6/2014,5/6/2021,USD,2400000000,N
BL125012,TERM,RAD,275,0,75,3/14/2014,2/21/2020,USD,2947292500,N
BL125044,TERM,NMG,325,0,100,3/13/2014,10/25/2020,USD,5718064480,Y
BL125435,TERM,MLTPLN,300,0,100,3/31/2014,3/31/2021,USD,2275000000,Y
BL125645,TERM,TRUN,300,0,100,4/9/2014,4/9/2021,USD,2090000000,Y
BL125732,TERM,KND,300,0,100,4/9/2014,4/9/2021,USD,1379987435,N
BL125735,TERM,MTX,325,0,75,5/9/2014,5/9/2021,USD,1760000000,Y
BL125739,TERM,SUNASC,500,0,100,3/31/2014,3/31/2019,USD,1096000000,N
BL125975,TERM,TLRD,350,0,100,6/18/2014,6/18/2021,USD,1100000000,Y
BL125991,DIP TERM,TXU,325,0,100,6/19/2014,12/19/2016,USD,5400000000,N
BL126064,TERM,CHKOUT,350,0,100,4/9/2014,4/9/2021,USD,1150000000,#N/A N/A
BL126161,TERM,PQCOR,300,0,100,3/27/2014,8/7/2017,USD,1372650000,N
BL126464,TERM,CARRIX,#N/A N/A,#N/A N/A,#N/A N/A,1/7/2014,1/7/2019,USD,1545000000,#N/A N/A
BL126504,TERM,SFRFP,375,0,75,5/8/2014,5/21/2020,USD,5307670000,Y
BL126708,TERM,FDML,375,0,100,4/15/2014,4/15/2021,USD,2525000000,Y
BL126718,TERM,SIGINT,300,0,100,5/1/2014,5/1/2021,USD,2518764990,#N/A N/A
BL127231,TERM,HBGCN,325,0,100,4/9/2014,10/2/2020,USD,2950650000,Y
BL127454,TERM,MILLAB,425,0,100,4/16/2014,4/16/2021,USD,1825000000,#N/A N/A
BL127513,TERM,NLSN,300,0,#N/A N/A,4/22/2014,4/15/2021,USD,4646953588,Y
BL127514,TERM,NLSN,200,0,#N/A N/A,4/22/2014,4/30/2019,USD,5146700000,N
BL127593,TERM,VMLUSF,137.5,0,#N/A N/A,3/25/2014,3/31/2020,USD,6388505000,N
BL128309,TERM,IDC,375,0,100,5/2/2014,5/2/2021,USD,2060000000,N
BL128933,TERM,ZBRA,400,0,75,10/27/2014,10/27/2021,USD,2450000000,N
BL129043,TERM,POST,300,0,75,6/2/2014,6/2/2021,USD,1985000000,N
BL129202,TERM,SFRFP,375,0,75,5/8/2014,5/21/2020,USD,5307670000,Y
BL129346,TERM,ORTCLI,375,0,100,6/30/2014,6/30/2021,USD,2665187500,Y
BL129379,TERM,DAEHIM,350,0,100,5/28/2014,5/28/2021,USD,1300000000,#N/A N/A
BL129549,TERM,GGNSCH,550,0,125,5/1/2014,5/4/2018,USD,1425000000,N
BL129672,TERM,GDDY,375,0,100,5/13/2014,5/13/2021,USD,1250000000,Y
BL129786,TERM,CTLT,350,0,100,5/20/2014,5/20/2021,USD,1942550000,Y
BL130220,TERM,CZR,875,0,100,6/11/2014,3/1/2017,USD,5469242720,N
BL130448,TERM,CGPHLC,525,0,100,5/8/2014,5/8/2021,USD,1325000000,N
BL130841,TERM,VNTV,200,0,#N/A N/A,6/13/2014,6/13/2019,USD,3885000000,N
BL130842,TERM,VNTV,300,0,75,6/13/2014,6/13/2021,USD,3875000000,N
BL130925,TERM,GWR,175,0,#N/A N/A,5/27/2014,5/31/2019,USD,2345735120,N
BL131645,TERM,DVA,275,0,75,6/24/2014,6/24/2021,USD,6145000000,N
BL132103,TERM,GATGLO,325,0,100,7/3/2014,7/6/2021,USD,2887200000,N
BL132515,TERM,LAFTNS,450,0,100,7/1/2014,7/1/2020,USD,1845000000,Y
BL132673,TERM,INDCPR,175,0,#N/A N/A,5/23/2014,5/21/2019,USD,2775000000,#N/A N/A
BL132988,TERM,SERV,325,0,100,7/1/2014,7/1/2021,USD,2676873802,Y
BL133211,TERM,LVLT,350,0,100,10/31/2014,1/31/2022,USD,4610500000,Y
BL134368,TERM,ADVSAL,325,0,100,7/25/2014,7/25/2021,USD,2785000000,Y
BL135295,TERM,FDC,350,0,#N/A N/A,7/18/2014,9/24/2018,USD,9982493569,N
BL135296,TERM,FDC,350,0,#N/A N/A,7/18/2014,3/24/2018,USD,9847450195,N
BL135323,TERM,NFP,350,0,100,7/24/2014,7/1/2020,USD,1239993750,Y
BL136077,TERM,BURL,325,0,100,8/13/2014,8/13/2021,USD,1200000000,Y
BL136201,TERM,CCTRH,325,0,100,7/28/2014,10/16/2020,USD,1621000000,Y
BL136736,TERM,CAMLNG,175,0,#N/A N/A,8/6/2014,8/6/2030,USD,7415000000,N
BL136812,TERM,ALBLLC,450,0,100,8/25/2014,8/25/2021,USD,7441032166,Y
BL136837,TERM,CHTR,350,0,75,9/12/2014,9/12/2021,USD,3500000000,Y
BL137076,TERM,ACOSTA,400,0,100,9/26/2014,9/26/2021,USD,2290000000,Y
BL137095,TERM,BWY,450,0,100,8/14/2014,8/14/2020,USD,1220000000,Y
BL137396,TERM,BPYU,175,0,#N/A N/A,8/1/2014,4/26/2016,USD,1386521311,N
BL137441,TERM,ALR,#N/A N/A,0,100,5/30/2014,6/30/2017,USD,2517250000,N
BL137789,TERM,UHS,150,0,#N/A N/A,8/7/2014,8/7/2019,USD,2708439750,N
BL137828,TERM,HUN,300,0,75,8/12/2014,10/1/2021,USD,3273000000,N
BL137959,TERM,CAMLNG,175,0,#N/A N/A,8/6/2014,8/6/2030,USD,7415000000,N
BL137961,TERM,CAMLNG,125,0,#N/A N/A,8/6/2014,8/6/2030,USD,7415000000,N
BL139029,TERM,ACM,300,0,75,10/17/2014,10/17/2021,USD,4662500000,Y
BL139253,TERM,CRC,200,0,0,9/24/2014,10/1/2019,USD,2400000000,N
BL139613,TERM,FLT,200,0,0,10/24/2014,11/17/2019,USD,3900000000,N
BL139622,TERM,TPFIIL,450,0,100,10/2/2014,10/2/2021,USD,1690000000,N
BL140107,TERM,MCROLN,425,0,100,11/20/2014,11/20/2021,USD,2150000000,Y
BL140384,DELAY-DRAW TERM,ACM,250,0,0,10/17/2014,10/17/2019,USD,4662500000,N
BL140401,TERM,PITRCE,325,0,100,10/3/2014,10/3/2021,USD,5300000000,N
BL141084,TERM,MPG,350,0,100,10/20/2014,10/20/2021,USD,1600000000,Y
BL141085,TERM,TOY,875,0,100,10/24/2014,4/24/2020,USD,1228937500,Y
BL141196,TERM,WHETEC,400,0,100,12/17/2014,12/17/2021,USD,1450000000,Y
BL142630,TERM,FLIQII,200,0,#N/A N/A,11/25/2014,11/25/2021,USD,4025000000,#N/A N/A
BL144184,TERM,TIBX,550,0,100,12/5/2014,12/4/2020,USD,2145000000,Y
BL144437,TERM,FMEGR,137.5,0,#N/A N/A,11/26/2014,10/30/2019,USD,4375419986,N
BL158277,TERM,BEAV,325,0,75,12/16/2014,12/16/2021,USD,2800000000,Y
BL158286,TERM,HILPOL,500,0,100,12/9/2014,12/9/2021,USD,1469000000,Y
BL158726,TERM,ASTENR,#N/A N/A,0,#N/A N/A,8/4/2014,8/31/2024,USD,1107733000,#N/A N/A
BL159503,TERM,SGMS,500,0,100,10/1/2014,10/1/2021,USD,4892589286,N
BL159612,TERM,ROYPHA,275,0,75,12/18/2014,11/9/2020,USD,4232900000,N
BL159729,TERM,CNL,175,0,0,4/13/2016,4/13/2019,USD,1450000000,N
BL161328,TERM,IION,375,0,100,12/1/2014,12/18/2020,USD,1190000000,Y
BL162175,TERM,PETM,400,0,100,3/10/2015,3/11/2022,USD,4300000000,Y
BL162849,TERM,SASOL,225,0,#N/A N/A,12/22/2014,12/15/2021,USD,4040000000,#N/A N/A
BL165227,TERM,CITHOL,850,0,100,2/12/2015,5/9/2018,USD,1300000000,N
BL165415,TERM,DLTR,225,0,0,3/9/2015,7/6/2020,USD,6200000000,N
BL165615,TERM,COMM,300,0,75,5/28/2015,12/29/2022,USD,1775000000,Y
BL165804,TERM,SSNC,325,0,75,7/8/2015,7/8/2022,USD,2630000000,Y
BL166120,TERM,UNIT,400,0,100,4/24/2015,10/24/2022,USD,2640000000,Y
BL166181,TERM,STAFHL,550,0,100,3/13/2015,3/13/2022,USD,1220000000,Y
BL166183,TERM,RVBD,500,0,100,4/27/2015,4/27/2022,USD,1725000000,Y
BL166475,DELAY-DRAW TERM,FTR,250,0,0,8/12/2015,3/31/2021,USD,3125000000,N
BL166541,TERM,REYNOL,350,0,100,2/25/2015,12/1/2018,USD,2705629800,N
BL166668,REV,BLL,150,0,#N/A N/A,2/19/2015,2/19/2018,USD,2250000000,N
BL166932,TERM,GWR,200,0,#N/A N/A,3/20/2015,3/31/2020,USD,2559013095,N
BL167117,TERM,CYH,325,0,#N/A N/A,3/9/2015,12/31/2018,USD,8243957253,Y
BL168031,TERM,ALVOGN,500,0,100,4/2/2015,4/2/2022,USD,1105000000,Y
BL168280,TERM,MURREN,650,0,100,4/16/2015,4/17/2020,USD,1875000000,N
BL169529,TERM,AIMEGR,350,0,100,4/28/2015,4/28/2022,USD,1950000000,Y
BL170307,TERM,OI,150,0,0,4/22/2015,4/22/2020,USD,3185000000,N
BL170403,TERM,LTM,325,0,100,6/10/2015,6/10/2022,USD,1590625000,Y
BL170550,TERM,VMLUSF,125,0,#N/A N/A,4/10/2015,3/30/2021,USD,6388505000,N
BL171039,TERM,AMNPHA,350,0,100,4/17/2015,11/2/2019,USD,1409800000,Y
BL171139,TERM,ENMC,325,0,100,5/7/2015,6/7/2020,USD,1055000000,N
BL171146,TERM,AVYA,525,0,100,5/29/2015,5/29/2020,USD,3376000000,Y
BL171317,TERM,ACOSTA,325,0,100,4/30/2015,9/26/2021,USD,2269675000,Y
BL171393,TERM,MPG,275,0,100,5/11/2015,10/20/2021,USD,1868400013,Y
BL171550,TERM,STENOR,325,0,100,5/15/2015,5/15/2022,USD,1273000000,Y
BL171718,TERM,ZAYO,275,0,100,5/6/2015,5/6/2021,USD,2095404032,Y
BL171739,TERM,CC,300,0,75,5/12/2015,5/12/2022,USD,2250000000,N
BL171744,TERM,SIGCBL,325,0,100,5/13/2015,3/13/2022,USD,2757790000,Y
BL171983,TERM,LVLT,275,0,75,5/8/2015,5/31/2022,USD,6610500000,Y
BL172037,TERM,PETM,325,0,100,5/15/2015,3/11/2022,USD,4300000000,Y
BL172104,TERM,INFA,350,0,100,6/3/2015,8/6/2022,USD,2133875000,Y
BL172183,TERM,TDG,275,0,75,5/14/2015,5/14/2022,USD,7873172307,Y
BL172276,TERM,WOWFIN,350,0,100,5/21/2015,4/1/2019,USD,2043930000,N
BL172278,TERM,AAL,275,0,75,5/21/2015,6/27/2020,USD,3266750000,N
BL172296,TERM,CYH,300,0,100,5/18/2015,12/31/2019,USD,5383957253,Y
BL172297,TERM,CYH,325,0,100,5/18/2015,1/27/2021,USD,3328957253,Y
BL172318,TERM,HOLX,175,0,0,5/29/2015,5/29/2020,USD,2500000000,N
BL172350,TERM,ALXN,175,0,0,6/22/2015,6/22/2020,USD,4000000000,N
BL172370,TERM,BCOHOL,350,0,100,5/26/2015,5/26/2022,USD,1475000000,Y
BL172468,TERM,TWCCHO,500,0,75,6/3/2015,2/13/2020,USD,1100000000,N
BL172496,TERM,EGLPT,375,0,100,6/1/2015,6/1/2022,USD,1721200000,Y
BL172547,PIK TERM,NEWLSQ,875,0,100,6/15/2015,12/7/2020,USD,1500000000,#N/A N/A
BL172748,TERM,VBR,400,0,100,5/27/2015,12/11/2021,USD,1018100000,Y
BL172861,TERM,BASSPR,325,0,75,6/5/2015,6/5/2020,USD,1740000000,#N/A N/A
BL172922,TERM,TRUN,300,0,75,6/2/2015,4/9/2021,USD,2627000000,Y
BL172999,TERM,CPN,275,0,75,5/28/2015,5/27/2022,USD,1600000000,Y
BL173193,TERM,DLTR,275,0,75,6/11/2015,7/6/2022,USD,5121000000,Y
BL173220,TERM,HCA,150,0,#N/A N/A,6/10/2015,6/10/2020,USD,6065606875,N
BL173493,TERM,DELL,325,0,75,6/5/2015,4/29/2020,USD,6778905000,Y
BL173503,DELAY-DRAW TERM,CHCOCH,225,0,#N/A N/A,5/13/2015,5/13/2022,USD,10999769810,N
BL173772,TERM,ACALTD,400,0,100,7/2/2015,7/2/2022,USD,1825000000,Y
BL173847,TERM,SPB,300,0,75,6/23/2015,6/23/2022,USD,2345860000,Y
BL174011,TERM,ALR,325,0,100,6/18/2015,6/18/2022,USD,1950000000,N
BL174075,TERM,PRSESE,400,0,100,7/1/2015,7/1/2021,USD,3000000000,Y
BL174456,TERM,TIAUTO,350,0,100,6/25/2015,6/30/2022,USD,1554162500,Y
BL174602,TERM,MEG,300,0,100,6/22/2015,7/31/2020,USD,1820000000,Y
BL174773,TERM,MTX,300,0,75,6/23/2015,5/9/2021,USD,1578000000,Y
BL174775,TERM,TRCO,300,0,75,6/24/2015,12/27/2020,USD,4560447975,Y
BL174967,TERM,ASNA,450,0,75,8/21/2015,8/21/2022,USD,1800000000,Y
BL175066,TERM,HRC,200,0,0,9/8/2015,9/8/2020,USD,2300000000,N
BL175124,TERM,UNVR,325,0,100,7/1/2015,7/1/2022,USD,2326330000,Y
BL175646,TERM,FDC,375,0,#N/A N/A,7/10/2015,7/10/2022,USD,9504772998,N
BL175683,TERM,AER,200,0,0,3/31/2015,3/30/2021,USD,1100000000,N
BL176024,TERM,INDTOL,#N/A N/A,0,#N/A N/A,5/27/2015,5/27/2020,USD,2148900000,N
BL177244,TERM,UNSEAM,375,0,100,7/28/2015,7/28/2022,USD,3541000000,Y
BL177299,TERM,STZ,150,0,0,7/16/2015,7/16/2020,USD,5218600000,N
BL177605,TERM,ALIANT,350,0,100,8/14/2015,8/14/2022,USD,1820000000,Y
BL177608,TERM,JBSSBZ,300,0,100,9/18/2015,10/30/2022,USD,2168000000,Y
BL177676,TERM,ALIXPA,350,0,100,7/28/2015,7/28/2022,USD,1175000000,Y
BL177955,TERM,NAV,550,0,100,8/7/2015,8/7/2020,USD,1040000000,Y
BL177967,TERM,CHTR,250,0,75,8/24/2015,8/24/2021,USD,3800000000,N
BL178069,TERM,ASUCOR,400,0,100,8/4/2015,8/4/2022,USD,5525000000,Y
BL178125,TERM,ANTHOL,#N/A N/A,0,#N/A N/A,8/21/2015,8/21/2020,USD,3200000000,N
BL178146,TERM,CHTR,275,0,75,8/24/2015,1/21/2023,USD,3800000000,N
BL178149,TERM,PPD,325,0,100,8/18/2015,8/18/2022,USD,3535000000,Y
BL178510,TERM,PRTY,325,0,100,8/19/2015,8/19/2022,USD,1340000000,Y
BL178637,TERM,MTLPUB,300,0,100,8/20/2015,8/20/2022,USD,1170000000,N
BL178737,TERM,CWK,325,0,100,9/1/2015,11/4/2021,USD,3020000000,Y
BL178743,TERM,EMS,325,0,100,10/28/2015,10/28/2022,USD,2320000000,Y
BL178888,TERM,GPN,175,0,#N/A N/A,7/31/2015,7/31/2020,USD,4780000000,N
BL179037,TERM,TMH,375,0,75,11/23/2015,11/23/2022,USD,2550000000,N
BL180540,TERM,SRCL,200,0,0,8/21/2015,8/21/2020,USD,1500000000,N
BL180602,TERM,CHTR,250,0,75,8/24/2015,8/24/2021,USD,12137500000,N
BL180603,TERM,CHTR,275,0,75,8/24/2015,1/24/2023,USD,12137500000,N
BL180772,TERM,BLKIA,475,0,100,12/10/2015,12/10/2022,USD,1500000000,Y
BL181261,TERM,BERY,300,0,100,10/1/2015,10/1/2022,USD,4625000000,Y
BL181418,TERM,DAEL,375,0,100,9/30/2015,9/30/2022,USD,1710000000,Y
BL181844,TERM,MSGN,200,0,0,9/28/2015,9/28/2020,USD,1800000000,N
BL182330,TERM,CSCHLD,400,0,#N/A N/A,10/9/2015,10/9/2022,USD,5800000000,Y
BL182414,TERM,ITGR,425,0,100,10/27/2015,10/27/2022,USD,1600000000,N
BL182446,TERM,COTY,300,0,75,1/26/2016,9/30/2023,USD,4500000000,N
BL182831,TERM,COTY,200,0,0,10/27/2015,10/27/2020,USD,5905680000,N
BL182835,TERM,COTY,100,0,0,1/26/2016,9/30/2021,USD,4500000000,N
BL183817,TERM,JBSSBZ,300,0,100,9/18/2015,9/18/2022,USD,1200000000,#N/A N/A
BL184611,DELAY-DRAW TERM,CSRA,175,0,0,11/27/2015,11/27/2020,USD,3500000000,N
BL184617,TERM,SLH,475,0,100,3/3/2016,3/3/2023,USD,2508145500,Y
BL184667,TERM,XPO,450,0,100,10/30/2015,11/1/2021,USD,1600000000,Y
BL185024,TERM,ARNBLE,400,0,75,12/1/2015,12/1/2022,USD,1695000000,Y
BL185070,TERM,SFRFP,400,0,75,10/22/2015,1/31/2023,USD,1895150000,Y
BL185270,TERM,MSCC,450,0,75,1/15/2016,1/15/2023,USD,2475000000,N
BL185332,TERM,ACLI,875,0,100,11/12/2015,11/12/2020,USD,1150000000,Y
BL185339,TERM,WEX,350,0,75,7/1/2016,7/1/2023,USD,2125000000,N
BL185668,TERM,PITRCE,300,0,75,10/30/2015,10/3/2021,USD,4780500000,N
BL185700,TERM,WDC,200,0,0,4/29/2016,4/29/2021,USD,9108384500,N
BL185702,TERM,WDC,550,0,75,4/29/2016,4/29/2023,USD,9875000000,N
BL185719,TERM,TMUS,275,0,75,11/9/2015,11/9/2022,USD,2660000000,Y
BL185767,TERM,PAH,450,0,100,12/3/2015,6/7/2020,USD,5166104350,Y
BL185999,TERM,USRENA,425,0,100,12/31/2015,12/31/2022,USD,1900000000,Y
BL186031,TERM,VRTS,500,0,100,#N/A Field Not Applicable,11/2/2022,USD,2623156000,Y
BL186144,TERM,THS,225,0,0,11/1/2015,2/1/2021,USD,2425000000,N
BL187176,TERM,SUN,250,0,0,3/31/2016,10/1/2019,USD,2035000000,N
BL187277,TERM,ON,450,0,75,4/15/2016,3/31/2023,USD,2800000000,Y
BL188182,TERM,ALBLLC,450,0,100,12/21/2015,12/21/2022,USD,7441032166,Y
BL189502,TERM,GMCR,200,0,#N/A N/A,3/3/2016,3/3/2021,USD,5075000000,N
BL189506,TERM,ATVI,200,0,0,11/13/2015,10/11/2020,USD,5300000000,N
BL189843,BRIDGE TERM,WDC,200,0,0,5/12/2016,7/26/2016,USD,3000000000,Y
BL190239,TERM,GPN,350,0,0,4/22/2016,4/22/2023,USD,4780000000,N
BL192481,TERM,DELL,325,0,75,9/7/2016,9/7/2023,USD,17575000000,N
BL192483,TERM,DELL,200,0,0,9/7/2016,12/31/2018,USD,14367875000,N
BL192484,TERM,DELL,225,0,0,9/7/2016,9/7/2021,USD,17575000000,N
BL192492,BRIDGE TERM,DELL,175,0,#N/A N/A,9/7/2016,9/6/2017,USD,2500000000,Y
BL192493,BRIDGE TERM,DELL,175,0,#N/A N/A,9/7/2016,9/6/2017,USD,1500000000,N
BL192551,TERM,MDAS,475,0,100,1/27/2016,7/22/2022,USD,1230000000,Y
BL192580,TERM,PETC,475,0,100,1/26/2016,1/26/2023,USD,2525000000,Y
BL192683,TERM,KRA,500,0,100,1/6/2016,1/6/2022,USD,1350000000,N
BL192786,TERM,SWI,550,0,100,2/5/2016,2/5/2023,USD,1815599000,Y
BL193129,TERM,GMCR,450,0,75,3/3/2016,3/3/2023,USD,7828872490,Y
BL193275,TERM,VMLUSF,125,0,#N/A N/A,6/30/2016,3/30/2021,USD,4386828593,N
BL193563,TERM,VMLUSF,125,0,#N/A N/A,6/30/2016,5/31/2022,USD,4386828593,N
BL193564,TERM,MISTAK,#N/A N/A,#N/A N/A,#N/A N/A,6/30/2016,5/31/2022,USD,6388505000,N
BL193586,TERM,VIZIEN,525,0,100,2/11/2016,2/13/2023,USD,1380000000,N
BL193613,TERM,PGREFB,175,0,#N/A N/A,12/1/2015,12/1/2022,USD,1250000000,#N/A N/A
BL193850,TERM,NXST,300,0,0,1/17/2017,1/17/2024,USD,2787000000,Y
BL193916,TERM,SPLS,400,0,75,2/2/2016,2/2/2022,USD,2500000000,Y
BL194359,TERM,BLL,175,0,0,3/18/2016,7/1/2021,USD,4139920000,N
BL194448,DELAY-DRAW TERM,CQP,225,0,0,2/25/2016,2/25/2020,USD,2800000000,N
BL195315,TERM,HCA,325,0,#N/A N/A,3/18/2016,3/17/2023,USD,6100000000,N
BL195365,TERM,KAR,350,0,75,3/9/2016,3/9/2023,USD,2770000000,Y
BL195729,TERM,TUMI,275,0,#N/A N/A,5/13/2016,8/1/2021,USD,2425000000,N
BL196354,TERM,DBD,450,0,75,5/6/2016,11/6/2023,USD,2392700000,N
BL197421,TERM,CAPSUG,300,0,100,4/1/2016,7/31/2021,USD,1747645000,Y
BL198335,TERM,BMRKES,225,0,#N/A N/A,1/27/2016,3/31/2018,USD,1100000000,#N/A N/A
BL198369,TERM,MGMGPO,325,0,75,4/25/2016,4/25/2023,USD,2750000000,Y
BL198679,TERM,SFRFP,425,0,75,4/15/2016,1/15/2024,USD,2384140000,Y
BL198824,TERM,LDOS,275,0,#N/A N/A,8/16/2016,8/16/2023,USD,1841450000,N
BL199025,TERM,NTY,400,0,100,5/5/2016,5/5/2023,USD,2236800000,Y
BL199124,TERM,MCGHLL,400,0,100,5/4/2016,5/4/2022,USD,2055312500,Y
BL199137,TERM,AAL,275,0,75,4/29/2016,4/28/2023,USD,1000000000,N
BL199547,TERM,CISN,600,0,100,6/16/2016,6/16/2023,USD,1175000000,Y
BL199825,TERM,GGP,175,0,0,4/25/2016,4/25/2019,USD,1386521311,N
BL200452,TERM,PITRCE,275,0,0,5/25/2016,5/25/2023,USD,4891900000,N
BL200551,TERM,DELL,200,0,0,9/7/2016,12/31/2018,USD,17575000000,N
BL200693,TERM,MLTPLN,400,0,100,6/7/2016,6/7/2023,USD,3570000000,Y
BL200939,TERM,COMHEA,375,0,100,6/7/2016,6/7/2023,USD,1205000000,Y
BL200990,TERM,APFH,375,0,100,6/2/2016,6/2/2023,USD,1300000000,Y
BL201068,TERM,TMH,300,0,75,6/2/2016,11/23/2022,USD,2547000000,N
BL201072,TERM,RVBD,400,0,100,5/27/2016,4/27/2022,USD,1685000000,Y
BL201076,TERM,BEAV,300,0,75,5/27/2016,12/16/2021,USD,2664000000,Y
BL201089,TERM,CNGO,425,0,100,6/7/2016,6/7/2023,USD,1710000000,Y
BL201183,TERM,RRR,300,0,75,6/8/2016,6/8/2023,USD,2410000000,Y
BL201239,TERM,YUM,275,0,#N/A N/A,6/16/2016,6/16/2023,USD,3500000000,N
BL201504,TERM,ALBLLC,375,0,100,6/22/2016,6/22/2023,USD,6525000000,Y
BL201508,TERM,ZBRA,325,0,75,6/2/2016,10/27/2021,USD,2205000000,N
BL201761,TERM,ALBLLC,375,0,100,6/22/2016,12/22/2022,USD,6525000000,Y
BL201762,TERM,ALBLLC,350,0,100,6/22/2016,8/22/2021,USD,6525000000,Y
BL201815,TERM,CHTR,200,0,#N/A N/A,5/18/2016,5/18/2021,USD,12137500000,N
BL202268,TERM,JCP,425,0,100,6/23/2016,6/23/2023,USD,1688125000,Y
BL202717,DIP TERM,TXU,400,0,100,8/4/2016,10/31/2017,USD,4250000000,Y
BL202738,TERM,QLIK,#N/A N/A,0,#N/A N/A,8/23/2016,#N/A Field Not Applicable,USD,1075000000,#N/A N/A
BL213349,TERM,KCI,400,0,100,6/16/2016,11/4/2020,USD,2371738736,Y
BL213366,TERM,BERY,275,0,100,6/15/2016,10/1/2022,USD,6603875000,Y
BL213417,TERM,UNSEAM,450,0,100,8/1/2016,7/28/2022,USD,2515000000,Y
BL213510,TERM,MSCC,300,0,75,6/29/2016,1/15/2023,USD,2243300000,N
BL213523,TERM,VERTAF,375,0,100,6/30/2016,6/30/2023,USD,1200000000,Y
BL213543,TERM,EFSCOG,425,0,100,6/28/2016,6/28/2023,USD,1175000000,N
BL213567,TERM,PETC,400,0,100,6/17/2016,1/26/2023,USD,2518687500,Y
BL213572,TERM,NRG,275,0,75,6/30/2016,6/30/2023,USD,4436000000,N
BL213666,TERM,USFOOD,325,0,75,6/27/2016,6/27/2023,USD,2200000000,Y
BL213667,TERM,TDG,300,0,75,6/9/2016,6/9/2023,USD,7873172307,Y
BL213787,BRIDGE TERM,TMO,125,0,0,7/1/2016,6/30/2017,USD,2000000000,N
BL213789,TERM,PRSESE,375,0,100,6/23/2016,5/2/2022,USD,3118000000,Y
BL213902,TERM,PVH,150,0,0,5/19/2016,5/19/2021,USD,3055590000,N
BL213917,TERM,VERITS,562.5,0,100,1/29/2016,1/27/2023,USD,2822300000,Y
BL214765,TERM,EVHC,300,0,75,12/1/2016,12/1/2023,USD,3995000000,Y
BL214824,TERM,REV,350,0,75,9/7/2016,9/7/2023,USD,2750000000,Y
BL214863,TERM,IRC,215,0,#N/A N/A,3/30/2016,2/28/2019,USD,1050000000,#N/A N/A
BL215247,TERM,BAH,200,0,#N/A N/A,7/13/2016,6/30/2021,USD,2078000000,N
BL219074,TERM,SWN,250,0,0,6/27/2016,12/14/2020,USD,1934000000,N
BL219243,TERM,DYN,400,0,100,6/27/2016,6/27/2023,USD,2000000000,Y
BL219937,TERM,GGNSCH,375,0,#N/A N/A,4/27/2016,4/27/2019,USD,1500000000,#N/A N/A
BL220450,TERM,RLGY,300,0,75,7/20/2016,7/20/2022,USD,1970000000,Y
BL220471,TERM,UBER,400,0,100,7/13/2016,7/13/2023,USD,1150000000,Y
BL220828,TERM,AVST,400,0,100,8/3/2016,9/30/2022,USD,1734680000,Y
BL220833,TERM,REYNOL,325,0,100,8/5/2016,2/5/2023,USD,3905325005,N
BL220860,TERM,BURL,275,0,75,7/29/2016,8/13/2021,USD,1117000000,Y
BL221093,TERM,EM,275,0,100,3/1/2017,3/1/2024,USD,5885000000,Y
BL221153,TERM,ZUFFAL,400,0,100,8/18/2016,8/18/2023,USD,1525000000,Y
BL221370,TERM,UPCB,300,0,0,8/3/2016,8/31/2024,USD,4071730000,Y
BL221394,TERM,GULFIN,525,0,100,8/25/2016,8/25/2023,USD,1150000000,N
BL221396,TERM,MCROLN,375,0,75,8/3/2016,11/20/2021,USD,1975000000,Y
BL221701,TERM,INCR,375,0,100,11/9/2016,11/30/2023,USD,1730000000,Y
BL221799,TERM,HCA,275,0,0,8/15/2016,2/9/2024,USD,6100000000,N
BL221806,TERM,HLT,250,0,0,8/18/2016,10/25/2023,USD,5225000000,Y
BL221881,TERM,CDWC,225,0,75,8/17/2016,8/17/2023,USD,1490425000,Y
BL221885,TERM,CRC,1037.5,0,100,8/12/2016,12/31/2021,USD,1000000000,N
BL221929,TERM,HARFRE,325,0,75,8/19/2016,8/16/2023,USD,2200000000,Y
BL221932,TERM,SWI,450,0,100,8/18/2016,2/5/2023,USD,1825000000,Y
BL222016,TERM,WOWFIN,350,0,100,8/19/2016,8/19/2023,USD,2458500000,N
BL222132,TERM,STAY,300,0,75,8/30/2016,8/30/2023,USD,1650000000,Y
BL222206,TERM,ZIGGO,300,0,0,8/17/2016,8/31/2024,USD,6038790000,Y
BL222234,TERM,BYD,300,0,0,9/15/2016,9/15/2023,USD,2900000000,N
BL222239,TERM,WDC,375,0,75,8/17/2016,4/29/2023,USD,9125000000,N
BL222292,DELAY-DRAW TERM,DAKACC,150,0,#N/A N/A,8/2/2016,8/2/2019,USD,2500000000,N
BL222459,TERM,TPFIIL,400,0,100,8/23/2016,10/2/2021,USD,1791910000,N
BL222469,TERM,DLTR,175,0,0,8/30/2016,7/6/2020,USD,4112500000,N
BL222566,TERM,XPO,325,0,100,8/25/2016,11/1/2021,USD,2042000000,Y
BL222698,TERM,CHMT,275,0,75,7/25/2016,7/24/2017,USD,1000000,N
BL222750,TERM,CHK,750,0,100,8/23/2016,8/23/2021,USD,1500000000,Y
BL223086,TERM,ROYPHA,250,0,#N/A N/A,12/18/2014,12/18/2019,USD,2000000000,N
BL223778,TERM,QCP,525,0,100,10/31/2016,10/31/2022,USD,1100000000,N
BL224049,TERM,CCC,375,0,100,10/3/2016,10/3/2023,USD,1725000000,Y
BL224072,TERM,CSCHLD,300,0,75,10/11/2016,10/11/2024,USD,4500000000,Y
BL224082,TERM,DTIHOL,525,0,100,9/30/2016,9/30/2023,USD,1295000000,Y
BL224161,TERM,ALSN,250,0,75,9/23/2016,9/23/2022,USD,1640563360,Y
BL224167,TERM,MONINT,550,0,100,9/30/2016,9/30/2022,USD,1395000000,N
BL224217,TERM,QUESFT,600,0,100,10/31/2016,10/31/2022,USD,1450000000,Y
BL224235,TERM,SIGCBL,300,0,100,9/30/2016,3/13/2022,USD,2713050000,Y
BL224255,TERM,NUGGET,325,0,75,10/4/2016,10/4/2023,USD,1500000000,#N/A N/A
BL224285,TERM,TJTHIN,#N/A N/A,#N/A N/A,#N/A N/A,11/25/2016,11/25/2023,USD,4000000000,#N/A N/A
BL224479,TERM,WIN,400,0,75,9/30/2016,3/30/2021,USD,3174800000,N
BL224543,TERM,REDPRA,350,0,100,10/12/2016,10/12/2023,USD,1375000000,#N/A N/A
BL224671,TERM,CNSL,300,0,100,10/5/2016,10/5/2023,USD,1945000000,N
BL224761,TERM,MIK,275,0,100,9/28/2016,1/28/2023,USD,2270000000,Y
BL224775,TERM,ABCSUP,275,0,75,10/31/2016,10/31/2023,USD,1875000000,Y
BL224978,TERM,CZR,225,0,0,4/17/2017,4/17/2024,USD,1950000000,N
BL225029,TERM,ON,325,0,0,9/30/2016,3/31/2023,USD,3000000000,Y
BL225034,TERM,NLSN,250,0,#N/A N/A,10/4/2016,10/4/2023,USD,4842450000,Y
BL225043,TERM,CORTNP,500,0,100,11/30/2016,11/15/2023,USD,2320000000,#N/A N/A
BL225373,TERM,ALIXPA,300,0,100,10/7/2016,7/28/2022,USD,1166750000,Y
BL225419,TERM,SPB,250,0,75,10/6/2016,6/23/2022,USD,2078891366,Y
BL225447,TERM,HRC,175,0,0,9/21/2016,9/21/2021,USD,2162500000,N
BL225659,TERM,ROYPHA,250,0,0,10/14/2016,10/14/2022,USD,7883000000,N
BL225689,TERM,ACOM,425,0,100,10/19/2016,10/19/2023,USD,1500000000,Y
BL225728,TERM,VIZIEN,400,0,100,10/7/2016,2/13/2023,USD,1227000000,N
BL225748,TERM,CBSR,350,0,100,10/17/2016,10/17/2023,USD,1810000000,N
BL225988,TERM,VNTV,175,0,0,10/14/2016,10/14/2021,USD,8421440125,N
BL225996,TERM,ACM,225,0,0,9/29/2016,9/29/2021,USD,2991562500,N
BL226273,TERM,PAH,400,0,100,10/14/2016,6/7/2023,USD,5166104350,Y
BL226478,TERM,PETM,300,0,100,10/14/2016,3/11/2022,USD,8107314496,Y
BL226498,TERM,ROYPHA,225,0,#N/A N/A,10/14/2016,10/14/2020,USD,2487679557,N
BL226681,TERM,DLTR,175,0,0,9/22/2016,7/6/2020,USD,4112500000,N
BL226922,TERM,JELD,375,0,100,11/1/2016,7/1/2022,USD,1612000000,Y
BL226963,TERM,FDC,300,0,#N/A N/A,10/14/2016,3/24/2021,USD,10585783998,N
BL226987,TERM,VST,400,0,100,10/3/2016,8/4/2023,USD,5360000000,Y
BL226994,TERM,SERSIM,350,0,100,11/8/2016,11/8/2023,USD,1950000000,Y
BL227107,TERM,UNIT,350,0,100,10/21/2016,10/24/2022,USD,2613250000,Y
BL227109,TERM,KRON,400,0,100,11/1/2016,11/1/2023,USD,2400000000,Y
BL227160,TERM,FRTA,350,0,100,10/25/2016,10/25/2023,USD,1050000000,Y
BL227175,DIP TERM,TXU,325,0,100,10/20/2016,6/30/2017,USD,5475000000,N
BL227258,TERM,AVOL,275,0,75,3/20/2017,4/3/2022,USD,5500000000,N
BL227262,TERM,PRTY,300,0,75,10/20/2016,8/19/2022,USD,1226600000,Y
BL227275,DELAY-DRAW TERM,GPN,225,0,#N/A N/A,10/31/2016,10/31/2021,USD,5175675000,N
BL227514,TERM,COMM,250,0,75,10/31/2016,12/29/2022,USD,1237500000,Y
BL227743,TERM,WMG,275,0,100,11/21/2016,11/1/2023,USD,1005975000,Y
BL227760,TERM,MGMGPO,275,0,75,10/26/2016,4/25/2023,USD,2741000000,Y
BL227762,TERM,AAL,250,0,75,10/31/2016,4/28/2023,USD,1300000000,N
BL228019,TERM,ADSWST,275,0,75,11/10/2016,11/10/2023,USD,1800000000,Y
BL228097,TERM,ACRISU,475,0,100,11/22/2016,11/22/2023,USD,2055000000,N
BL228181,TERM,QUIKHO,325,0,75,11/15/2016,11/15/2023,USD,2600000000,Y
BL228200,TERM,ASUCOR,375,0,100,11/3/2016,11/3/2023,USD,5454000000,Y
BL228262,TERM,SERV,250,0,0,11/8/2016,11/8/2023,USD,1950000000,Y
BL228280,TERM,BASSPR,500,0,75,12/16/2016,9/25/2024,USD,5120000000,Y
BL228296,TERM,BFAM,275,0,75,11/7/2016,11/3/2023,USD,1300000000,Y
BL228403,TERM,TNETBB,300,0,0,11/3/2016,1/31/2025,USD,4158070000,Y
BL228427,TERM,CSRA,175,0,0,11/30/2016,11/30/2021,USD,3570000000,N
BL228609,TERM,LUMN,275,0,0,6/19/2017,11/1/2022,USD,10245000000,N
BL228623,TERM,HUN,300,0,75,11/15/2016,4/1/2023,USD,2025000000,N
BL228717,TERM,TMH,275,0,100,2/6/2017,2/6/2024,USD,3150000000,N
BL228822,TERM,PROLAM,400,0,100,11/18/2016,11/18/2023,USD,1154000000,Y
BL228825,TERM,ASSPAR,425,0,100,11/15/2016,10/21/2022,USD,1330500000,Y
BL228968,TERM,GCTI,525,0,100,12/2/2016,12/1/2023,USD,2287279980,Y
BL229217,TERM,GPN,225,0,#N/A N/A,10/31/2016,10/31/2021,USD,5175675000,N
BL229887,TERM,FDC,300,0,#N/A N/A,12/5/2016,7/10/2022,USD,10523850060,N
BL230309,TERM,ZBRA,250,0,75,12/6/2016,10/27/2021,USD,1973000000,N
BL230313,TERM,CTLT,275,0,100,12/12/2016,5/20/2021,USD,1982170000,Y
BL230325,TERM,ALBLLC,300,0,75,12/23/2016,8/25/2021,USD,6013940000,Y
BL230326,TERM,ALBLLC,325,0,75,12/23/2016,12/21/2022,USD,6013940000,Y
BL230328,TERM,ALBLLC,325,0,75,12/23/2016,6/22/2023,USD,6013940000,Y
BL230354,TERM,RADIAT,300,0,75,2/1/2017,2/1/2024,USD,3523500000,Y
BL230438,TERM,AXTA,250,0,75,12/15/2016,2/1/2023,USD,4393480000,Y
BL230445,TERM,WLSNRT,350,0,100,12/19/2016,12/19/2023,USD,1375000000,Y
BL230531,TERM,BWY,375,0,100,12/9/2016,8/14/2023,USD,1240000000,Y
BL230559,TERM,AAL,250,0,75,12/15/2016,12/14/2023,USD,1250000000,N
BL230726,TERM,FLXACQ,325,0,100,12/29/2016,12/29/2023,USD,1875000000,Y
BL230734,TERM,PRSESE,325,0,100,12/28/2016,5/2/2022,USD,3913000000,Y
BL230739,TERM,KRA,400,0,100,1/9/2017,1/6/2022,USD,1278000000,N
BL230857,TERM,VST,325,0,75,12/14/2016,12/14/2023,USD,5360000000,Y
BL230873,TERM,DGI,275,0,75,12/22/2016,1/15/2024,USD,1475000000,N
BL230888,TERM,EFSCOG,350,0,100,12/28/2016,6/28/2023,USD,1143692351,N
BL230892,TERM,ASUCOR,325,0,75,12/14/2016,7/8/2020,USD,5426000000,Y
BL230896,TERM,NFP,350,0,100,1/6/2017,1/8/2024,USD,1550000000,Y
BL231026,TERM,RXN,275,0,100,12/16/2016,8/21/2023,USD,1871375000,Y
BL231131,TERM,GDDY,250,0,0,2/15/2017,2/15/2024,USD,2697500000,Y
BL231142,TERM,VMED,275,0,0,12/21/2016,1/31/2025,USD,5457099000,Y
BL231159,TERM,RAX,350,0,100,12/20/2016,11/3/2023,USD,2225000000,Y
BL231391,TERM,CHTR,225,0,#N/A N/A,12/23/2016,1/15/2024,USD,11959000000,N
BL231470,TERM,VERTAF,325,0,100,12/30/2016,6/30/2023,USD,1200000000,Y
BL231646,TERM,RVBD,325,0,100,12/22/2016,4/24/2022,USD,1685000000,Y
BL231749,TERM,SBGI,225,0,0,1/3/2017,1/3/2024,USD,3285750000,Y
BL231888,TERM,CPN,275,0,75,12/21/2016,1/15/2024,USD,1580000000,Y
BL232247,TERM,LVS,225,0,0,12/27/2016,12/19/2020,USD,3438000000,Y
BL232272,TERM,CHTR,175,0,#N/A N/A,12/23/2016,5/18/2021,USD,11959000000,N
BL234418,TERM,VMLUSF,125,0,#N/A N/A,6/30/2016,5/31/2022,USD,4386828593,N
BL234871,TERM,PETC,325,0,100,1/27/2017,1/26/2023,USD,2499750000,Y
BL234896,TERM,BERY,250,0,0,1/19/2017,10/1/2022,USD,4356625000,Y
BL234906,TERM,DAEL,325,0,100,1/17/2017,9/30/2022,USD,1680000000,Y
BL234908,TERM,AMWINS,275,0,100,1/25/2017,1/25/2024,USD,2126238053,Y
BL234979,TERM,FDC,200,0,#N/A N/A,1/23/2017,6/2/2020,USD,10491978420,N
BL234983,TERM,SBAC,225,0,0,1/20/2017,3/24/2021,USD,2955000000,N
BL235001,TERM,RLGY,225,0,75,1/23/2017,7/20/2022,USD,2144500000,Y
BL235003,TERM,UNVR,275,0,0,1/19/2017,7/1/2022,USD,2466587500,Y
BL235005,TERM,TIBX,450,0,100,1/18/2017,12/4/2020,USD,1990000000,Y
BL235007,TERM,ZAYO,250,0,100,1/19/2017,1/19/2024,USD,2950000000,Y
BL235068,TERM,VST,325,0,100,2/7/2017,2/7/2024,USD,4300000000,Y
BL235069,TERM,ASUCOR,325,0,100,1/18/2017,8/4/2022,USD,5404824892,Y
BL235071,TERM,CHTR,200,0,#N/A N/A,1/19/2017,7/1/2020,USD,11959000000,N
BL235072,TERM,CHTR,200,0,#N/A N/A,1/19/2017,1/3/2021,USD,11959000000,N
BL235073,TERM,GCTI,400,0,100,1/19/2017,12/1/2023,USD,2285750000,Y
BL235079,TERM,TRCO,300,0,75,1/27/2017,1/27/2024,USD,4560447975,Y
BL235088,TERM,GRFSM,225,0,0,1/31/2017,1/31/2025,USD,6305377900,N
BL235089,TERM,GRFSM,175,0,0,1/31/2017,1/31/2023,USD,6305377900,N
BL235129,TERM,TRUN,250,0,0,1/31/2017,4/9/2023,USD,2610000000,Y
BL235149,TERM,LDOS,225,0,0,2/16/2017,8/16/2023,USD,1841450000,N
BL235158,TERM,PBH,275,0,75,1/26/2017,1/26/2024,USD,1427000000,N
BL235160,TERM,KIKCN,450,0,100,1/26/2017,8/26/2022,USD,1040000000,Y
BL235166,TERM,CCTRH,275,0,75,1/20/2017,10/16/2020,USD,1620000000,Y
BL235196,TERM,NRG,225,0,75,1/24/2017,6/30/2023,USD,4427000000,Y
BL235284,TERM,ALIANT,325,0,100,1/24/2017,8/14/2022,USD,1998500000,Y
BL235318,TERM,S,250,0,75,2/3/2017,2/3/2024,USD,8000000000,N
BL235410,TERM,LTM,300,0,100,1/27/2017,6/15/2022,USD,1580494320,Y
BL235421,TERM,SAMISA,200,0,#N/A N/A,2/2/2017,8/1/2021,USD,2415187498,N
BL235438,TERM,TKCHOL,375,0,100,2/1/2017,2/1/2023,USD,1340000000,Y
BL235474,TERM,MCROLN,275,0,0,6/21/2017,6/21/2024,USD,5193080000,Y
BL235531,TERM,ZIGGO,250,0,0,1/27/2017,4/15/2025,USD,4931820000,Y
BL235540,TERM,BJ,375,0,0,2/3/2017,2/3/2024,USD,1925000000,Y
BL235542,TERM,REYNOL,300,0,0,2/7/2017,2/5/2023,USD,4814692500,N
BL235547,TERM,VST,275,0,75,2/1/2017,8/4/2023,USD,5355000000,Y
BL235595,TERM,RRR,250,0,75,1/30/2017,6/8/2023,USD,3231560977,Y
BL235596,TERM,TIAUTO,275,0,75,1/27/2017,6/30/2022,USD,1729080000,Y
BL235667,TERM,AXL,225,0,75,4/6/2017,4/6/2024,USD,2815000000,Y
BL235684,TERM,KCI,325,0,100,2/3/2017,2/3/2024,USD,1639045050,Y
BL235765,TERM,CPWR,425,0,100,1/31/2017,12/15/2021,USD,1686000000,Y
BL235775,TERM,PITRCE,175,0,0,2/10/2017,2/10/2022,USD,5117000000,N
BL235815,TERM,ET,275,0,0,2/2/2017,2/2/2024,USD,2200000000,N
BL235818,TERM,PITRCE,200,0,0,2/10/2017,5/25/2023,USD,5117000000,N
BL235839,TERM,SWI,350,0,100,2/21/2017,2/5/2023,USD,1817000000,Y
BL235937,TERM,PF,200,0,0,2/3/2017,2/3/2024,USD,2487000000,N
BL236000,TERM,VERCST,550,0,100,2/9/2017,2/9/2022,USD,2122000000,Y
BL236007,TERM,HSI,325,0,75,2/6/2017,7/1/2022,USD,1491000000,Y
BL236071,DELAY-DRAW TERM,TMUS,250,0,0,12/29/2016,11/9/2022,USD,4000000000,Y
BL236095,TERM,DELL,250,0,75,3/8/2017,9/7/2023,USD,18062500000,Y
BL236099,TERM,LWSN,275,0,100,2/6/2017,2/1/2022,USD,3344500572,Y
BL236101,TERM,ZUFFAL,325,0,100,2/21/2017,8/18/2023,USD,1625000000,Y
BL236132,TERM,STAY,250,0,0,3/1/2017,8/30/2023,USD,1646750000,Y
BL236141,TERM,UNIT,300,0,100,2/9/2017,10/24/2022,USD,2683870000,Y
BL236143,TERM,SEM,350,0,100,3/6/2017,3/6/2024,USD,1600000000,N
BL236282,TERM,ACOM,325,0,100,2/8/2017,10/19/2023,USD,2204429293,Y
BL236283,TERM,UPCB,275,0,0,2/3/2017,4/15/2025,USD,5615050000,Y
BL236293,TERM,NAV,400,0,100,2/7/2017,8/7/2020,USD,1027000000,Y
BL236314,TERM,INEGRP,275,0,0,2/28/2017,3/31/2022,USD,4754890000,Y
BL236354,TERM,BERY,225,0,0,2/10/2017,2/8/2020,USD,4105375000,Y
BL236367,TERM,HCA,225,0,#N/A N/A,2/15/2017,2/15/2024,USD,6086000000,N
BL236427,TERM,NTY,350,0,100,2/14/2017,5/5/2023,USD,2160886400,Y
BL236441,TERM,SGMS,400,0,75,2/14/2017,10/1/2021,USD,4892589286,N
BL236579,TERM,WMMORR,325,0,100,2/9/2017,5/6/2021,USD,2599865638,N
BL236647,TERM,USFOOD,275,0,75,2/17/2017,6/27/2023,USD,2189000000,Y
BL236674,TERM,INVH,180,0,0,2/6/2017,2/6/2022,USD,2500000000,N
BL236803,TERM,SABHLD,275,0,0,2/22/2017,2/22/2024,USD,3532250000,N
BL236826,TERM,CDWC,200,0,0,2/28/2017,8/17/2023,USD,2947342563,Y
BL236984,TERM,LVLTPT,225,0,0,2/22/2017,2/22/2024,USD,4610500000,Y
BL236995,TERM,SLH,325,0,100,3/6/2017,3/3/2023,USD,2766220000,Y
BL237116,TERM,LUMN,275,0,0,6/19/2017,1/31/2025,USD,10245000000,Y
BL237265,TERM,SSNC,225,0,0,3/2/2017,7/8/2022,USD,10593094684,Y
BL237313,TERM,AVANTR,400,0,100,3/10/2017,3/10/2024,USD,1560000000,Y
BL237399,TERM,HELGEN,375,0,100,6/2/2017,6/3/2024,USD,1850000000,N
BL237415,TERM,CEOLLC,250,0,0,10/6/2017,10/6/2024,USD,1700000000,Y
BL237452,TERM,SEAS,300,0,75,3/31/2017,3/31/2024,USD,1874805615,N
BL237522,TERM,IQV,200,0,75,3/7/2017,3/7/2024,USD,7611060025,N
BL237644,TERM,CAR,200,0,0,3/3/2017,3/15/2022,USD,2950000000,N
BL237649,TERM,TMUS,225,0,0,1/25/2017,1/31/2024,USD,4000000000,Y
BL237650,TERM,JELD,300,0,100,3/7/2017,7/1/2022,USD,1236637500,Y
BL237757,TERM,LPLA,250,0,0,3/10/2017,3/10/2024,USD,2200000000,N
BL237938,TERM,HLT,200,0,0,3/16/2017,10/25/2023,USD,4958875000,Y
BL238034,TERM,BYD,250,0,0,3/29/2017,9/15/2023,USD,2437274600,N
BL238035,TERM,ROYPHA,200,0,0,3/27/2017,4/17/2023,USD,4483000000,N
BL238050,TERM,UVN,275,0,100,3/15/2017,3/15/2024,USD,7084700000,Y
BL238075,TERM,WDC,275,0,75,3/14/2017,4/29/2023,USD,9043240023,N
BL238078,TERM,HCA,200,0,#N/A N/A,3/20/2017,3/18/2023,USD,6086000000,N
BL238122,TERM,ARMK,200,0,0,3/28/2017,3/28/2024,USD,5238653191,N
BL238183,TERM,CAPIAU,300,0,100,3/24/2017,3/24/2024,USD,1315000000,N
BL238253,TERM,XPO,225,0,0,3/10/2017,10/30/2021,USD,1494000000,Y
BL238260,TERM,AAL,200,0,0,3/14/2017,6/27/2020,USD,3043000000,N
BL238281,TERM,ALSN,200,0,0,3/24/2017,9/23/2022,USD,1637570000,Y
BL238362,TERM,AVST,325,0,100,3/31/2017,9/30/2023,USD,1956390000,Y
BL238528,TERM,LGHTGN,450,0,100,3/22/2017,1/30/2024,USD,1825000000,Y
BL238555,TERM,IT,200,0,0,3/20/2017,3/20/2022,USD,2685000000,N
BL238559,TERM,CSCHLD,225,0,0,3/15/2017,7/17/2025,USD,9837500000,Y
BL238574,TERM,CORTNP,400,0,100,3/17/2017,11/15/2023,USD,2070000000,#N/A N/A
BL238607,TERM,ON,225,0,0,3/31/2017,3/31/2023,USD,2980000000,Y
BL238727,BRIDGE TERM,DELL,750,0,75,9/7/2016,9/7/2017,USD,2200000000,Y
BL238753,TERM,BWY,325,0,0,4/3/2017,4/3/2024,USD,1900000000,Y
BL238849,TERM,UAL,225,0,0,3/29/2017,4/1/2024,USD,3500000000,N
BL238918,TERM,YUM,200,0,0,3/21/2017,6/16/2023,USD,3490000000,N
BL238958,TERM,SPB,200,0,#N/A N/A,4/7/2017,6/23/2022,USD,2523657500,Y
BL238964,TERM,ALIXPA,300,0,100,4/4/2017,4/4/2024,USD,1455000000,Y
BL238982,TERM,GATGLO,325,0,100,4/7/2017,3/31/2024,USD,2615466868,Y
BL239077,TERM,CCCG,300,0,100,4/27/2017,4/27/2024,USD,1475000000,Y
BL239235,TERM,TPFIIL,400,0,100,3/31/2017,10/2/2023,USD,1736912314,N
BL239532,TERM,LVS,200,0,0,3/29/2017,3/29/2024,USD,3438000000,Y
BL239586,TERM,GMCR,150,0,#N/A N/A,3/13/2017,3/3/2021,USD,5075000000,N
BL239692,TERM,PAH,300,0,100,4/18/2017,11/2/2021,USD,3990520000,Y
BL239783,TERM,CCC,350,0,100,4/6/2017,10/3/2023,USD,1717000000,Y
BL239798,TERM,STENOR,300,0,100,4/4/2017,5/15/2022,USD,1869000000,Y
BL239854,TERM,COMINV,300,0,0,5/17/2017,5/16/2024,USD,3560000000,Y
BL239922,TERM,TNETBB,275,0,0,4/4/2017,6/30/2025,USD,4329722500,Y
BL239964,TERM,BMC,400,0,100,4/12/2017,9/10/2022,USD,3745919500,Y
BL240170,TERM,ARNBLE,350,0,75,4/12/2017,12/1/2022,USD,1676620000,Y
BL240176,TERM,ABCSUP,250,0,75,5/1/2017,10/31/2023,USD,1875000000,Y
BL240380,TERM,TEACLL,300,0,0,5/1/2017,5/1/2024,USD,5422050000,Y
BL240392,TERM,NLSN,200,0,0,4/13/2017,10/4/2023,USD,4914592100,Y
BL240488,TERM,MCROLN,250,0,0,6/21/2017,11/30/2021,USD,6842300000,Y
BL240542,TERM,BKFS,175,0,0,4/26/2017,2/25/2022,USD,1924000000,N
BL240639,TERM,FRTA,300,0,100,5/1/2017,10/25/2023,USD,1245000000,Y
BL240729,TERM,CCTRH,250,0,75,4/18/2017,4/18/2024,USD,1725000000,Y
BL240745,TERM,AIRM,350,0,100,4/21/2017,4/21/2024,USD,1375000000,#N/A N/A
BL240753,TERM,AFGR,775,0,100,5/10/2017,5/10/2022,USD,804055932,N
BL240766,TERM,GPN,175,0,#N/A N/A,5/2/2017,5/2/2022,USD,5224480000,N
BL240807,TERM,UNSEAM,375,0,100,4/19/2017,7/28/2022,USD,3541000000,Y
BL240956,TERM,NUGGET,275,0,75,4/12/2017,10/4/2023,USD,2590635971,#N/A N/A
BL241004,TERM,GPN,200,0,0,5/2/2017,4/22/2023,USD,5233100000,N
BL241024,TERM,LAUR,450,0,100,4/26/2017,4/26/2024,USD,1985000000,N
BL241029,TERM,FIAT,200,0,0,4/12/2017,12/31/2018,USD,1007000000,N
BL241177,TERM,BFAM,225,0,75,5/8/2017,11/3/2023,USD,1297000000,Y
BL241290,TERM,CGPHLC,300,0,100,4/27/2017,5/8/2021,USD,1467687500,N
BL241299,TERM,DAEAVI,375,0,100,5/5/2017,7/7/2022,USD,1803250000,Y
BL241337,TERM,MSYLN,350,0,100,6/16/2017,6/13/2024,USD,4962110000,Y
BL241451,TERM,ASUCOR,300,0,0,5/4/2017,11/3/2023,USD,6150824892,Y
BL241455,TERM,VIZIEN,350,0,100,5/2/2017,2/13/2023,USD,1227000000,N
BL241467,TERM,FDC,250,0,#N/A N/A,4/26/2017,4/26/2024,USD,10615728421,N
BL241524,TERM,MGMGPO,225,0,0,5/1/2017,4/25/2023,USD,2731500000,Y
BL241668,TERM,MTLPUB,250,0,#N/A N/A,5/5/2017,8/20/2023,USD,1114000000,N
BL242019,TERM,IAS,400,0,125,5/4/2017,2/17/2021,USD,1128369389,Y
BL242098,TERM,KRON,350,0,100,5/9/2017,11/1/2023,USD,2444000000,Y
BL242125,TERM,GPN,175,0,#N/A N/A,5/2/2017,5/2/2022,USD,5224480000,N
BL242126,TERM,CERPLC,350,0,100,5/12/2017,10/11/2020,USD,2688250000,N
BL242204,TERM,ALTFIC,225,0,0,3/15/2017,7/28/2025,USD,1615000000,#N/A N/A
BL242296,TERM,ASSPAR,350,0,0,5/16/2017,10/21/2022,USD,1325500000,Y
BL242376,TERM,DAEHIM,275,0,0,5/18/2017,5/18/2024,USD,1345000000,Y
BL242468,TERM,QUIKHO,275,0,0,5/16/2017,11/15/2023,USD,2593500000,Y
BL242547,TERM,AVTR,400,0,100,11/21/2017,11/21/2024,USD,3385200000,Y
BL242607,TERM,PNRA,200,0,#N/A N/A,7/18/2017,7/18/2022,USD,3000000000,#N/A N/A
BL242615,TERM,WMG,250,0,0,5/22/2017,11/1/2023,USD,1005975000,Y
BL242695,TERM,POST,225,0,0,5/24/2017,5/24/2024,USD,3000000000,N
BL242700,TERM,RGC,200,0,0,6/6/2017,4/1/2022,USD,1188730207,Y
BL242848,TERM,ROYPHA,175,0,#N/A N/A,5/10/2017,11/10/2021,USD,2525000000,N
BL242924,TERM,AXTA,200,0,0,6/1/2017,6/1/2024,USD,4393480000,Y
BL243045,TERM,COMHEA,325,0,100,6/8/2017,6/7/2023,USD,2778100000,Y
BL243094,TERM,FIG,275,0,0,12/27/2017,12/27/2022,USD,1490000000,Y
BL243117,TERM,COMM,200,0,0,5/31/2017,12/29/2022,USD,1096250000,Y
BL243205,TERM,IION,300,0,100,6/2/2017,12/18/2020,USD,1152000000,Y
BL243295,TERM,ALBLLC,275,0,75,6/27/2017,8/25/2021,USD,5749000000,Y
BL243297,TERM,ALBLLC,300,0,75,6/27/2017,12/21/2022,USD,4735000000,Y
BL243298,TERM,ALBLLC,300,0,75,6/27/2017,6/22/2023,USD,4735000000,Y
BL243401,TERM,PPD,275,0,100,5/30/2017,8/18/2022,USD,3485593273,Y
BL243413,TERM,BCPRAP,425,0,100,6/22/2017,6/30/2024,USD,1350000000,N
BL243427,TERM,KAR,250,0,0,5/31/2017,3/9/2023,USD,2117000000,Y
BL243432,TERM,VIRT,375,0,100,6/30/2017,12/30/2021,USD,1150000000,N
BL243518,TERM,FTR,375,0,75,6/15/2017,6/15/2024,USD,2590000000,N
BL243649,TERM,EIGI,400,0,100,6/14/2017,2/9/2023,USD,1862250000,N
BL243779,TERM,MLTPLN,300,0,100,6/12/2017,6/7/2023,USD,3265000000,Y
BL243812,TERM,SECRUS,450,0,100,11/1/2017,11/1/2024,USD,1167000000,Y
BL243887,TERM,AAL,200,0,0,6/14/2017,10/10/2021,USD,2770000000,N
BL243923,TERM,BRANDI,425,0,100,6/21/2017,6/21/2024,USD,3512000000,#N/A N/A
BL244046,TERM,RAX,300,0,100,6/21/2017,11/3/2023,USD,3270000000,Y
BL244067,TERM,FDC,225,0,#N/A N/A,6/14/2017,7/10/2022,USD,13740728420,N
BL244123,DELAY-DRAW TERM,AXTA,200,0,0,6/1/2017,6/1/2024,USD,4393480000,Y
BL244143,TERM,SURCEN,325,0,100,8/31/2017,8/31/2024,USD,1697100000,Y
BL244467,TERM,WOWFIN,325,0,100,7/17/2017,8/19/2023,USD,2580000000,N
BL244469,TERM,DRY,375,0,100,6/23/2017,11/14/2022,USD,1686000000,Y
BL244553,DIP TERM,TXU,300,0,100,6/28/2017,6/28/2018,USD,6300000000,Y
BL244829,TERM,PRSESE,275,0,100,6/29/2017,5/2/2022,USD,4369810448,Y
BL244847,TERM,VERITS,450,0,100,6/24/2017,1/27/2023,USD,3190415000,Y
BL245010,TERM,SYNH,175,0,100,8/1/2017,8/1/2022,USD,3100000000,N
BL245012,TERM,SYNH,225,0,0,8/1/2017,8/1/2024,USD,3100000000,N
BL245055,TERM,WEX,275,0,0,7/3/2017,7/1/2023,USD,2199000000,N
BL245332,TERM,SEMTRI,200,0,0,7/6/2017,7/6/2024,USD,2400000000,N
BL245412,TERM,FILGRO,300,0,0,7/3/2017,11/21/2020,USD,1254000000,Y
BL246349,TERM,ALTMOU,325,0,100,7/31/2017,7/31/2024,USD,1560000000,#N/A N/A
BL246354,TERM,GCTI,375,0,0,7/19/2017,12/1/2023,USD,2343880000,Y
BL246359,TERM,NXST,250,0,0,7/19/2017,1/17/2024,USD,2787431250,Y
BL246641,TERM,ZAYO,225,0,100,7/20/2017,1/19/2024,USD,2219275000,Y
BL248073,TERM,SPLS,400,0,100,9/12/2017,9/12/2024,USD,3250000000,#N/A N/A
BL248205,TERM,HDSUWA,300,0,100,8/1/2017,8/1/2024,USD,1300000000,#N/A N/A
BL248414,TERM,CLGX,200,0,0,8/10/2017,8/10/2022,USD,2500000000,N
BL248517,TERM,PEAKTE,350,0,0,8/1/2017,8/1/2024,USD,1350000000,Y
BL248622,TERM,ZBRA,200,0,75,7/26/2017,10/27/2021,USD,2525500000,N
BL249019,TERM,SGMS,325,0,0,8/14/2017,8/14/2024,USD,3878972500,N
BL249064,TERM,TIBX,350,0,100,7/28/2017,12/4/2020,USD,1985000000,Y
BL249131,TERM,TRUN,200,0,0,8/9/2017,4/9/2023,USD,4486375000,Y
BL249185,TERM,ASUCOR,275,0,0,8/4/2017,8/4/2022,USD,8418000000,Y
BL249193,TERM,CCACN,237.5,0,0,1/4/2018,1/4/2025,USD,1850000000,Y
BL249221,TERM,PRXL,300,0,0,9/29/2017,9/27/2024,USD,2365000000,Y
BL249288,TERM,MYCC,325,0,0,9/18/2017,9/18/2024,USD,1350000000,Y
BL249393,TERM,FLT,175,0,0,8/2/2017,8/2/2022,USD,4325000000,N
BL249434,TERM,NTY,350,0,0,9/26/2017,9/28/2024,USD,1500000000,Y
BL249550,TERM,BERY,225,0,0,8/10/2017,10/1/2022,USD,3857875000,Y
BL249678,TERM,WLSNRT,325,0,100,8/17/2017,12/19/2023,USD,1469000000,Y
BL249772,TERM,LDOS,200,0,0,8/16/2017,8/16/2023,USD,1428042750,N
BL249813,TERM,DHCP,600,0,100,2/9/2018,6/30/2022,USD,1156500514,N
BL249838,TERM,OPAYLN,350,0,100,12/20/2017,1/1/2025,USD,2985763000,Y
BL249926,TERM,VST,275,0,75,8/17/2017,12/14/2023,USD,5184000000,Y
BL249935,TERM,TRUN,150,0,0,8/9/2017,8/9/2022,USD,4486375000,N
BL249938,TERM,FLXACQ,300,0,100,8/17/2017,12/29/2023,USD,3471000000,Y
BL249939,TERM,GDI,275,0,0,8/17/2017,7/30/2024,USD,2275274233,Y
BL249974,TERM,TDG,300,0,75,8/22/2017,8/22/2024,USD,7527557480,Y
BL250043,TERM,TPFIIL,375,0,100,8/21/2017,10/2/2023,USD,2041716542,N
BL250079,TERM,SABHLD,225,0,0,8/23/2017,2/22/2024,USD,2860500000,N
BL250103,TERM,INET,375,0,0,9/15/2017,9/15/2024,USD,3468040050,Y
BL250183,TERM,VNTV,225,0,0,9/8/2017,1/16/2023,USD,8421440125,N
BL250190,TERM,VNTV,225,0,0,8/7/2017,10/14/2023,USD,7453350000,N
BL250867,TERM,JCG,322,0,100,7/13/2017,3/5/2021,USD,1549990000,N
BL251568,TERM,DIGICT,475,0,100,10/31/2017,10/31/2024,USD,1440000000,Y
BL251616,TERM,APPSYS,325,0,100,9/19/2017,9/19/2024,USD,1417725000,Y
BL251692,TERM,MCAFEE,450,0,100,9/29/2017,9/29/2024,USD,4152223300,Y
BL251721,TERM,TROX,300,0,0,9/22/2017,9/22/2024,USD,2150000000,Y
BL251802,TERM,AIMEGR,425,0,100,3/14/2018,3/14/2025,USD,3095000000,Y
BL251803,TERM,LPLA,225,0,0,9/21/2017,9/21/2024,USD,2000000000,Y
BL251813,TERM,TRMIPA,400,0,100,9/27/2017,9/27/2024,USD,1485000000,N
BL251843,TERM,BCPREP,400,0,100,10/31/2017,10/31/2024,USD,1250000000,N
BL251846,TERM,VNTV,200,0,0,10/3/2017,8/7/2024,USD,8421440125,N
BL252081,TERM,AVOL,225,0,75,10/4/2017,4/3/2022,USD,5368750000,N
BL252317,TERM,ASSPAR,350,0,0,9/27/2017,10/22/2024,USD,1513500000,Y
BL252450,TERM,DELL,175,0,0,10/20/2017,9/7/2021,USD,19234000000,N
BL252451,TERM,DELL,150,0,0,10/20/2017,12/31/2018,USD,14367875000,N
BL252657,TERM,ALIXPA,275,0,0,10/5/2017,4/4/2024,USD,2012000000,Y
BL252667,TERM,CGPHLC,275,0,0,12/22/2017,12/22/2024,USD,7525000000,Y
BL252700,TERM,WSTC,400,0,100,10/10/2017,10/10/2024,USD,3950000000,#N/A N/A
BL252803,TERM,AUTBRA,350,0,0,9/29/2017,9/29/2024,USD,1935000000,Y
BL253099,TERM,REDVEN,400,0,0,11/8/2017,11/8/2024,USD,2200000000,N
BL253959,TERM,FUL,225,0,0,10/20/2017,10/20/2024,USD,2150000000,Y
BL254415,TERM,ET,200,0,0,10/18/2017,2/2/2024,USD,2200000000,N
BL254454,TERM,CTLT,225,0,100,10/18/2017,5/20/2024,USD,3063942500,Y
BL254501,TERM,HOLX,175,0,0,10/3/2017,10/3/2022,USD,3000000000,N
BL254693,TERM,UPCB,250,0,0,10/13/2017,1/15/2026,USD,3736390000,Y
BL254707,TERM,ARNBLE,300,0,75,10/24/2017,12/1/2022,USD,1672804688,Y
BL254713,TERM,BELRON,250,0,0,11/7/2017,11/7/2024,USD,3207495000,Y
BL254788,TERM,DELL,200,0,75,10/20/2017,9/7/2023,USD,19234000000,Y
BL254795,TERM,REDPRA,300,0,100,10/20/2017,10/12/2023,USD,1366000000,#N/A N/A
BL255241,TERM,INEGRP,200,0,0,11/3/2017,3/31/2024,USD,4431060000,Y
BL255284,TERM,NAV,350,0,0,11/6/2017,11/6/2024,USD,1600000000,Y
BL255285,TERM,VERCST,475,0,100,11/3/2017,11/3/2023,USD,1780000000,Y
BL255384,TERM,ARMK,200,0,0,12/11/2017,3/11/2025,USD,6665249725,N
BL255419,TERM,AVYA,475,0,100,12/15/2017,12/15/2024,USD,2925000000,#N/A N/A
BL255496,TERM,ACRISU,425,0,100,11/24/2017,11/22/2023,USD,2705725000,N
BL255501,TERM,CAPIAU,250,0,100,11/8/2017,3/24/2024,USD,1290000000,N
BL255711,TERM,BURL,250,0,75,11/17/2017,11/17/2024,USD,1117000000,Y
BL255714,TERM,LTM,275,0,100,11/15/2017,6/10/2022,USD,1770515625,Y
BL255726,TERM,WDC,200,0,0,11/8/2017,4/29/2023,USD,10234612500,N
BL255912,TERM,QUESFT,550,0,100,11/14/2017,10/31/2022,USD,2079783868,Y
BL256103,TERM,AVST,275,0,100,11/21/2017,9/30/2023,USD,1910320197,Y
BL256111,TERM,VMED,250,0,0,11/10/2017,1/15/2026,USD,5410645000,Y
BL256132,TERM,AAL,200,0,0,11/14/2017,12/14/2023,USD,1250000000,N
BL256136,TERM,FDC,225,0,0,11/15/2017,4/26/2024,USD,13740728420,N
BL256177,TERM,UAL,200,0,0,11/15/2017,4/1/2024,USD,3492500000,N
BL256186,TERM,ON,200,0,0,11/30/2017,3/31/2023,USD,2205000000,Y
BL256250,TERM,ADSWST,225,0,75,11/21/2017,11/10/2023,USD,1764000000,Y
BL256294,TERM,CRC,475,0,100,11/17/2017,12/31/2022,USD,1300000000,N
BL256296,TERM,MITCHE,325,0,0,11/30/2017,12/1/2024,USD,2455000000,Y
BL256304,TERM,WW,475,0,75,11/29/2017,11/29/2024,USD,1715000000,Y
BL256374,TERM,BFAM,200,0,75,11/30/2017,11/7/2023,USD,1295000000,Y
BL256472,TERM,CCC,325,0,100,11/21/2017,10/3/2023,USD,1710000000,Y
BL256507,TERM,TDG,275,0,0,11/30/2017,5/14/2022,USD,7518462480,Y
BL256508,TERM,TDG,275,0,0,11/30/2017,6/9/2023,USD,7518462480,Y
BL256511,TERM,STAY,225,0,0,11/21/2017,8/30/2023,USD,1637024375,Y
BL256630,TERM,UNVR,250,0,0,11/28/2017,7/1/2024,USD,2983500000,Y
BL256669,TERM,GATGLO,300,0,100,11/22/2017,3/31/2024,USD,2633571187,Y
BL256771,TERM,GDDY,225,0,0,11/22/2017,2/15/2024,USD,3097500000,Y
BL256779,TERM,USFOOD,250,0,0,11/30/2017,6/27/2023,USD,2172500000,Y
BL256794,TERM,EQUNOX,300,0,100,11/22/2017,3/8/2024,USD,1321000000,Y
BL257124,TERM,CBSR,275,0,0,11/17/2017,11/17/2024,USD,1580000000,Y
BL257455,TERM,CPN,250,0,0,12/11/2017,1/15/2024,USD,1564000000,Y
BL257542,TERM,BMC,325,0,0,12/21/2017,9/10/2022,USD,4213828736,Y
BL257554,TERM,MDP,300,0,0,1/31/2018,1/31/2025,USD,2150000000,Y
BL257614,TERM,WMG,225,0,0,12/6/2017,11/1/2023,USD,1325975000,Y
BL257620,TERM,TNETBB,250,0,0,12/1/2017,3/1/2026,USD,2630290000,Y
BL257672,TERM,DUFPHE,325,0,100,2/13/2018,2/13/2025,USD,1800000000,#N/A N/A
BL257815,TERM,VBR,350,0,100,12/15/2017,12/15/2024,USD,1400000000,Y
BL257823,TERM,CSRA,#N/A N/A,0,0,12/29/2017,11/30/2022,USD,3688500000,N
BL258040,TERM,IION,275,0,100,12/12/2017,12/18/2020,USD,1077000000,Y
BL258043,TERM,VICI,225,0,0,12/22/2017,12/22/2024,USD,3200000000,Y
BL258203,TERM,CINELN,250,0,100,2/28/2018,2/28/2025,USD,5217090000,Y
BL258279,TERM,CPN,250,0,0,12/15/2017,1/15/2025,USD,1000000000,Y
BL258292,TERM,VST,250,0,75,12/14/2017,8/4/2023,USD,5179000000,Y
BL258305,TERM,WHETEC,350,0,100,12/20/2017,12/17/2021,USD,1528000000,N
BL258313,TERM,PROLAM,350,0,100,12/8/2017,11/18/2023,USD,1516526880,Y
BL258361,TERM,COMHEA,300,0,100,12/11/2017,6/7/2023,USD,2778100000,Y
BL258569,TERM,CHTR,200,0,#N/A N/A,12/21/2017,4/30/2025,USD,15523524997,N
BL258570,TERM,CHTR,150,0,#N/A N/A,12/21/2017,3/31/2023,USD,15418781393,N
BL258581,TERM,MTLPUB,225,0,#N/A N/A,12/18/2017,8/20/2023,USD,1074400000,N
BL258853,TERM,VST,275,0,100,12/20/2017,2/7/2024,USD,3563440000,Y
BL258875,TERM,MISTAK,175,0,#N/A N/A,11/29/2017,6/2/2020,USD,10491978420,N
BL260439,TERM,ARRS,175,0,#N/A N/A,10/17/2017,10/17/2022,USD,2683275000,N
BL260471,TERM,MDR,500,0,100,5/10/2018,5/10/2025,USD,5010000000,N
BL260792,TERM,YANKEE,150,0,#N/A N/A,12/15/2017,12/15/2023,USD,1600000000,N
BL261839,TERM,ARGIHC,325,0,100,2/5/2018,2/5/2025,USD,2850000000,Y
BL261887,TERM,WEX,225,0,0,1/17/2018,7/1/2023,USD,3089500000,N
BL261968,TERM,CCK,200,0,0,1/29/2018,4/3/2025,USD,4907630000,Y
BL261982,TERM,INFA,325,0,0,1/17/2018,8/6/2022,USD,4511360000,Y
BL262090,TERM,PQCOR,250,0,0,2/8/2018,2/8/2025,USD,1267000000,Y
BL262110,TERM,CSCHLD,250,0,0,1/12/2018,1/25/2026,USD,9337500000,Y
BL262268,TERM,USANES,300,0,100,1/23/2018,6/23/2024,USD,1810000000,Y
BL262450,TERM,HARFRE,250,0,75,1/24/2018,8/16/2023,USD,2161000000,Y
BL262463,TERM,TRICGR,650,0,100,2/2/2018,2/2/2024,USD,1490656250,N
BL262488,TERM,LAUR,350,0,100,2/1/2018,4/26/2024,USD,1623000000,N
BL262593,TERM,RLGY,225,0,0,2/8/2018,2/8/2025,USD,2480000000,Y
BL262804,TERM,NATVET,275,0,100,2/2/2018,2/2/2025,USD,1803000000,Y
BL262809,TERM,NFP,300,0,0,1/31/2018,1/8/2024,USD,1938516850,Y
BL262812,TERM,EAF,350,0,100,2/12/2018,2/12/2025,USD,2500000000,Y
BL262837,TERM,EGLPT,325,0,0,2/5/2018,6/1/2022,USD,1854186962,Y
BL262937,TERM,CONCEN,275,0,100,2/1/2018,6/1/2022,USD,1249174890,N
BL262947,TERM,SGMS,275,0,0,2/14/2018,8/14/2024,USD,4824565569,N
BL262964,TERM,CPWR,350,0,100,2/8/2018,12/15/2021,USD,1705000000,Y
BL263002,TERM,SVR,500,0,100,3/9/2018,3/9/2023,USD,1787600000,N
BL263096,TERM,LGHTGN,375,0,100,2/7/2018,1/30/2024,USD,2067125000,Y
BL263112,TERM,PZZ,550,0,100,2/22/2018,2/24/2024,USD,1120000000,#N/A N/A
BL263121,TERM,CISN,325,0,0,2/8/2018,6/16/2023,USD,1412822000,Y
BL263194,TERM,WDC,150,0,0,2/27/2018,2/27/2023,USD,9727080969,N
BL263233,TERM,FINRSK,375,0,0,10/1/2018,10/1/2025,USD,10000000000,Y
BL263427,TERM,CAR,200,0,0,2/13/2018,2/13/2025,USD,2938500000,N
BL263445,TERM,DRY,325,0,100,2/14/2018,11/14/2022,USD,1878170000,Y
BL263522,TERM,BERY,200,0,0,2/12/2018,10/1/2022,USD,8418565000,Y
BL263527,TERM,JANSTR,375,0,0,2/26/2018,8/25/2022,USD,1110000000,#N/A N/A
BL263622,TERM,LINEAG,300,0,100,2/27/2018,2/27/2025,USD,1227050000,Y
BL263658,TERM,TDG,250,0,0,2/22/2018,8/22/2024,USD,8402669694,Y
BL263678,TERM,PRTY,275,0,75,2/16/2018,8/19/2022,USD,1211267500,Y
BL263923,TERM,AVSV,325,0,100,3/1/2018,3/1/2025,USD,2432972375,N
BL264003,TERM,XPO,200,0,0,2/23/2018,2/24/2025,USD,2003000000,Y
BL264030,TERM,SSNC,250,0,0,4/16/2018,4/16/2025,USD,10593094684,Y
BL264262,TERM,GCTI,350,0,0,3/1/2018,12/1/2023,USD,2380640000,Y
BL264269,TERM,ASUCOR,275,0,0,2/28/2018,11/3/2023,USD,8418000000,Y
BL264270,TERM,SABHLD,200,0,0,3/2/2018,2/22/2024,USD,2918047500,Y
BL264277,TERM,SLH,275,0,0,2/28/2018,3/3/2023,USD,2843476353,Y
BL264344,TERM,SEM,275,0,100,3/22/2018,3/6/2025,USD,1591375000,N
BL264384,TERM,POST,200,0,0,3/8/2018,5/24/2024,USD,2939000000,N
BL264386,TERM,SWI,300,0,0,3/15/2018,2/5/2024,USD,2115000000,Y
BL264408,TERM,SIGCBL,275,0,100,3/14/2018,3/13/2022,USD,2733888501,Y
BL264554,TERM,DAEHIM,200,0,0,3/8/2018,5/18/2024,USD,1235000000,Y
BL264562,TERM,EOCGRO,325,0,0,3/20/2018,3/20/2025,USD,1393500000,#N/A N/A
BL264572,TERM,AIMEGR,325,0,100,3/5/2018,4/28/2022,USD,3373121662,Y
BL264630,TERM,GTT,275,0,0,5/31/2018,5/31/2025,USD,2990275000,Y
BL264762,TERM,HCA,175,0,#N/A N/A,3/13/2018,3/17/2023,USD,6911106875,N
BL264763,TERM,HCA,200,0,#N/A N/A,3/13/2018,3/13/2025,USD,6065606875,N
BL264771,TERM,LDOS,175,0,0,3/15/2018,8/16/2023,USD,1422385500,N
BL264833,TERM,LGF,225,0,0,3/22/2018,3/24/2025,USD,3500000000,Y
BL264929,TERM,PF,175,0,0,3/15/2018,2/3/2024,USD,2589380005,N
BL264940,TERM,AMNPHA,350,0,0,5/4/2018,5/4/2025,USD,2700000000,Y
BL265038,TERM,ALSN,175,0,0,3/21/2018,9/23/2022,USD,1725681318,Y
BL265142,TERM,UBER,400,0,100,4/4/2018,4/4/2025,USD,1500000000,Y
BL265203,TERM,GPN,175,0,0,3/20/2018,4/22/2023,USD,5549961900,N
BL265252,TERM,OPTFIN,400,0,0,4/18/2018,2/5/2025,USD,6387618000,Y
BL265315,TERM,NRG,175,0,0,3/21/2018,6/30/2023,USD,4640500000,Y
BL265415,TERM,MGMGPO,200,0,0,3/23/2018,3/25/2025,USD,3667625000,Y
BL265469,TERM,KRON,300,0,0,3/21/2018,11/1/2023,USD,2427000000,Y
BL265493,TERM,DTIHOL,475,0,100,3/22/2018,9/30/2023,USD,1285000000,Y
BL265742,TERM,CWGSGR,275,0,75,3/28/2018,11/8/2023,USD,1222000000,Y
BL265748,TERM,LVS,175,0,0,3/27/2018,3/27/2025,USD,4760675000,Y
BL265827,TERM,CNR,375,0,0,4/12/2018,4/12/2025,USD,2675000000,Y
BL265955,TERM,RUSINV,325,0,100,3/28/2018,6/1/2023,USD,1188239000,Y
BL265961,TERM,FILGRO,300,0,0,3/29/2018,3/29/2025,USD,2201512500,Y
BL266023,TERM,CDWC,175,0,0,4/3/2018,8/17/2023,USD,1464342563,Y
BL266024,TERM,PPD,250,0,100,3/29/2018,8/18/2022,USD,3453169932,Y
BL266039,TERM,COTY,225,0,0,4/5/2018,4/5/2025,USD,8430100750,Y
BL266045,TERM,WH,175,0,0,5/30/2018,5/30/2025,USD,2350000000,N
BL266251,TERM,YUM,175,0,0,4/3/2018,4/3/2025,USD,3470000000,N
BL266406,TERM,ASSPAR,325,0,0,4/13/2018,10/22/2024,USD,2005500000,Y
BL266676,TERM,ABCSUP,200,0,75,4/4/2018,10/31/2023,USD,1856000000,Y
BL266977,TERM,SLCA,400,0,100,5/1/2018,5/1/2025,USD,1380000000,Y
BL267016,TERM,AXTA,175,0,0,4/11/2018,6/1/2024,USD,2830000000,Y
BL267169,TERM,BPY,250,0,0,8/24/2018,8/24/2023,USD,6400000000,N
BL267174,TERM,PLT,250,0,0,7/2/2018,7/2/2025,USD,1375000000,Y
BL267552,TERM,REDPRA,275,0,100,4/23/2018,10/12/2023,USD,1965250000,#N/A N/A
BL267819,TERM,PENN,225,0,0,10/15/2018,10/15/2025,USD,2536424375,N
BL267827,TERM,LFSNGL,600,0,0,10/1/2018,10/1/2024,USD,1600000000,Y
BL267859,TERM,SBAC,200,0,0,4/11/2018,4/11/2025,USD,3650000000,N
BL267890,TERM,GNCMA,185,0,0,12/29/2017,12/29/2019,USD,1200000000,Y
BL267905,TERM,SEMTRI,175,0,0,4/18/2018,7/6/2024,USD,3271000000,N
BL267906,TERM,HLT,175,0,0,4/19/2018,10/25/2023,USD,5169000000,Y
BL267931,TERM,HEARTL,375,0,0,4/30/2018,4/30/2025,USD,1635000000,Y
BL268008,TERM,TMUS,150,0,0,3/29/2018,11/9/2022,USD,3950000000,Y
BL268010,TERM,TMUS,175,0,0,3/29/2018,1/31/2024,USD,3950000000,Y
BL268187,TERM,FUL,200,0,0,4/23/2018,10/20/2024,USD,2139125000,Y
BL268201,TERM,CONSPR,375,0,100,4/30/2018,4/30/2025,USD,1280000000,Y
BL268211,TERM,CEOLLC,200,0,0,4/16/2018,10/6/2024,USD,1696000000,Y
BL268220,TERM,TEN,275,0,0,10/1/2018,10/1/2025,USD,4900000000,Y
BL268221,TERM,TEN,175,0,0,10/1/2018,10/1/2023,USD,4900000000,N
BL268255,TERM,NUGGET,275,0,75,4/17/2018,10/4/2023,USD,2838000000,#N/A N/A
BL268292,TERM,CVIA,375,0,100,6/1/2018,6/1/2025,USD,1650000000,Y
BL268313,TERM,MYCC,275,0,0,4/20/2018,9/18/2024,USD,1325640000,Y
BL268375,TERM,FIEENE,525,0,100,4/11/2018,4/11/2022,USD,1290288815,Y
BL268493,TERM,HBGCN,300,0,0,4/25/2018,4/25/2025,USD,4831850000,Y
BL268514,TERM,ALTMOU,300,0,0,4/24/2018,7/31/2024,USD,2165000000,Y
BL268517,TERM,PRSP,175,0,0,5/31/2018,5/31/2023,USD,3100000000,N
BL268525,TERM,BCPREP,350,0,100,5/2/2018,11/1/2024,USD,1255000000,N
BL268529,TERM,TELSAT,250,0,75,4/26/2018,11/17/2023,USD,2499357899,Y
BL268576,TERM,AVST,250,0,100,4/19/2018,9/30/2023,USD,1992315000,Y
BL268695,TERM,SYNH,200,0,0,5/4/2018,8/1/2024,USD,4948990540,N
BL268721,TERM,BPY,250,0,0,8/24/2018,8/24/2025,USD,6400000000,N
BL268829,TERM,HAWK,300,0,0,6/15/2018,6/15/2025,USD,1845000000,Y
BL268909,TERM,ALIANT,300,0,0,5/10/2018,5/10/2025,USD,3341217951,Y
BL268988,TERM,LMOS,300,0,100,5/18/2018,11/17/2024,USD,1495000000,Y
BL269077,TERM,UAL,175,0,0,5/16/2018,4/1/2024,USD,3485000000,N
BL269082,TERM,BKFS,150,0,0,4/30/2018,4/30/2023,USD,2000000000,N
BL269186,TERM,SRSDIS,325,0,0,5/24/2018,5/24/2025,USD,1580000000,Y
BL269238,TERM,HEFOSO,300,0,0,5/25/2018,5/31/2025,USD,1985000000,#N/A N/A
BL269270,TERM,TRUN,200,0,0,6/19/2018,6/19/2025,USD,4486375000,Y
BL269464,TERM,STAY,200,0,0,5/22/2018,8/30/2023,USD,1570747297,Y
BL269470,TERM,AVOL,200,0,75,5/9/2018,1/15/2025,USD,4962500000,N
BL269515,TERM,TDG,250,0,0,5/30/2018,5/30/2025,USD,8402669694,Y
BL269518,TERM,TDG,250,0,0,5/30/2018,6/9/2023,USD,8402669694,Y
BL269519,TERM,BFAM,175,0,75,5/31/2018,11/7/2023,USD,1464000000,Y
BL269547,TERM,HILCOS,350,0,0,5/31/2018,5/31/2025,USD,1060000000,Y
BL269604,TERM,MCHP,200,0,0,5/29/2018,5/29/2025,USD,3600000000,N
BL269624,TERM,WMMORR,275,0,0,5/18/2018,5/18/2025,USD,3418375000,Y
BL269673,TERM,QUESFT,425,0,0,5/18/2018,5/18/2025,USD,1565000000,Y
BL269780,TERM,ROYPHA,150,0,#N/A N/A,5/4/2018,5/4/2022,USD,2412500000,N
BL269782,TERM,CCTRH,225,0,75,5/10/2018,4/18/2024,USD,2113000000,Y
BL269805,TERM,HAMHOL,200,0,0,7/2/2018,7/2/2025,USD,1240000000,#N/A N/A
BL269818,TERM,AAL,175,0,0,5/15/2018,6/27/2025,USD,2574748125,N
BL269822,TERM,VST,200,0,0,6/14/2018,8/4/2023,USD,7589000000,Y
BL269824,TERM,VST,200,0,0,6/14/2018,12/31/2025,USD,7589000000,Y
BL269849,TERM,WDC,175,0,0,5/15/2018,4/29/2023,USD,9727080969,Y
BL269923,TERM,INSGHT,350,0,100,5/23/2018,5/23/2025,USD,1175000000,Y
BL270111,TERM,BHCCN,300,0,0,6/1/2018,6/1/2025,USD,7290027633,N
BL270193,TERM,ON,175,0,0,5/31/2018,3/31/2023,USD,3105000000,Y
BL270212,TERM,WRNGLR,275,0,0,5/24/2018,9/28/2024,USD,1258000000,Y
BL270251,DELAY-DRAW TERM,TNETBB,225,0,0,5/24/2018,8/15/2026,USD,3950564000,Y
BL270253,TERM,WMG,212.5,0,0,6/7/2018,11/1/2023,USD,1325975000,Y
BL270279,TERM,MIK,250,0,100,5/23/2018,1/28/2023,USD,2226125000,Y
BL270296,TERM,ARMK,175,0,0,5/24/2018,3/28/2024,USD,5626154872,N
BL270329,TERM,ALXN,150,0,0,6/7/2018,6/7/2023,USD,3612500000,N
BL270353,TERM,GWR,150,0,0,6/5/2018,6/5/2023,USD,2413600000,N
BL270456,TERM,VERTAF,325,0,0,7/2/2018,7/2/2025,USD,1870000000,Y
BL270579,TERM,AIMC,200,0,0,10/1/2018,10/1/2025,USD,1640000000,Y
BL271061,TERM,ARMK,175,0,0,6/12/2018,3/11/2025,USD,5626154872,N
BL271080,TERM,ARS,475,0,0,6/25/2018,2/27/2023,USD,1100000000,Y
BL271396,TERM,VNTV,175,0,0,6/22/2018,1/16/2023,USD,8350231727,N
BL271539,TERM,UBER,350,0,0,6/13/2018,7/13/2023,USD,1132750000,Y
BL271576,TERM,FIG,200,0,0,6/28/2018,12/27/2022,USD,1290000000,Y
BL271621,TERM,VNTV,175,0,0,6/22/2018,8/20/2024,USD,8350231727,N
BL271889,TERM,KND,375,0,0,7/2/2018,7/2/2025,USD,2970000000,#N/A N/A
BL272169,TERM,CUMINT,450,0,100,6/4/2018,5/15/2022,USD,1300000000,Y
BL272187,TERM,AVYA,425,0,0,6/18/2018,12/15/2024,USD,1643187500,Y
BL272284,TERM,USFOOD,200,0,0,6/22/2018,6/27/2023,USD,3662000000,Y
BL272312,TERM,EIGI,375,0,100,6/20/2018,2/9/2023,USD,1745555000,N
BL272504,TERM,FLXACQ,325,0,0,6/29/2018,6/29/2025,USD,3471000000,Y
BL272554,TERM,ALVOGN,475,0,100,6/19/2018,4/2/2022,USD,937648592.6,Y
BL272555,TERM,RADPAR,425,0,0,7/9/2018,7/9/2025,USD,1405000000,Y
BL272558,TERM,BMC,425,0,0,10/2/2018,10/2/2025,USD,4777410000,#N/A N/A
BL272620,TERM,EVHC,375,0,0,10/11/2018,10/10/2025,USD,6145000000,Y
BL272630,TERM,SAVENT,450,0,0,8/1/2018,8/1/2025,USD,1100000000,N
BL272654,TERM,TKCHOL,375,0,100,6/12/2018,2/1/2023,USD,1327000000,Y
BL272695,TERM,MACAIF,#N/A N/A,#N/A N/A,#N/A N/A,5/9/2018,5/9/2025,USD,4000000000,#N/A N/A
BL272736,TERM,EF,325,0,0,7/19/2018,7/19/2025,USD,1605000000,Y
BL273210,TERM,FOCS,250,0,0,6/30/2018,7/3/2024,USD,1796978000,Y
BL273240,TERM,ASUCOR,300,0,0,7/9/2018,11/3/2024,USD,8418000000,Y
BL273704,TERM,GPN,150,0,0,6/19/2018,1/20/2023,USD,5549961900,N
BL273705,TERM,GPN,150,0,0,6/19/2018,1/20/2023,USD,5549961900,N
BL274101,TERM,BAH,150,0,0,7/23/2018,7/23/2023,USD,2368000000,N
BL274107,TERM,GTN,250,0,0,1/2/2019,1/2/2026,USD,2241438000,Y
BL274109,TERM,MITL,450,0,0,11/30/2018,11/30/2025,USD,1220000000,Y
BL274402,TERM,MURREN,725,0,0,6/29/2018,10/17/2022,USD,1745005237,N
BL275384,TERM,NLSN,175,0,#N/A N/A,6/29/2018,7/9/2023,USD,4914592100,N
BL275454,TERM,ENLK,425,0,0,7/18/2018,7/18/2025,USD,1000000000,N
BL275777,TERM,WECHOL,375,0,75,8/1/2018,8/1/2025,USD,3260000000,#N/A N/A
BL276610,TERM,PAY,400,0,0,8/20/2018,8/20/2025,USD,2425000000,Y
BL276648,TERM,APPLOV,375,0,0,8/15/2018,8/15/2025,USD,1570000000,Y
BL276826,TERM,SIGRP,475,0,0,10/16/2018,10/16/2025,USD,1725000000,Y
BL276900,TERM,LTIBOY,350,0,0,9/6/2018,9/6/2025,USD,1550000000,Y
BL276960,TERM,BRKMAN,250,0,0,8/15/2018,8/15/2025,USD,1297000000,Y
BL277057,TERM,VCVHHO,450,0,0,8/27/2018,8/27/2025,USD,3515000000,#N/A N/A
BL277177,TERM,BJ,300,0,0,8/13/2018,2/3/2024,USD,1537733909,Y
BL277332,TERM,SRG,#N/A N/A,0,#N/A N/A,7/31/2018,7/31/2023,USD,1600000000,N
BL277400,TERM,CWK,325,0,0,8/21/2018,8/21/2025,USD,3510000000,Y
BL277509,TERM,LDOS,175,0,0,8/22/2018,8/22/2025,USD,1374306291,Y
BL277632,TERM,STWD,150,0,0,9/19/2018,8/7/2021,USD,2127882257,N
BL277689,TERM,SSNC,225,0,0,10/1/2018,4/16/2025,USD,10593094684,Y
BL277717,TERM,DNB,500,0,0,2/8/2019,2/8/2026,USD,2930000000,Y
BL278129,TERM,UNFI,425,0,0,10/22/2018,10/22/2025,USD,1800000000,Y
BL278225,TERM,WEB,375,0,0,10/11/2018,10/11/2025,USD,1270000000,Y
BL278420,TERM,STADCO,200,0,#N/A N/A,6/29/2018,6/29/2023,USD,2250000000,#N/A N/A
BL279056,TERM,SPCHEM,325,0,0,10/1/2018,10/1/2025,USD,7236560000,Y
BL279264,DELAY-DRAW TERM,DM,137.5,0,#N/A N/A,9/25/2018,9/25/2021,USD,3000000000,N
BL279559,TERM,RGCARE,450,0,0,11/16/2018,11/16/2025,USD,3550000000,Y
BL279673,TERM,CCMP,225,0,0,11/15/2018,11/15/2025,USD,1265000000,Y
BL279790,TERM,SAIC,175,0,0,10/31/2018,10/31/2025,USD,3118000000,Y
BL280251,TERM,MESIND,250,0,0,3/1/2019,3/1/2026,USD,3300000000,Y
BL280344,TERM,SO,#N/A N/A,0,#N/A N/A,8/24/2018,8/23/2019,USD,1500000000,N
BL281227,TERM,JANSTR,300,0,0,10/3/2018,8/25/2022,USD,1519354000,#N/A N/A
BL281230,TERM,NEPBRO,325,0,0,10/19/2018,10/20/2025,USD,2101368063,N
BL281393,TERM,THO,375,0,0,2/1/2019,2/1/2026,USD,2093968047,Y
BL281716,TERM,EDR,#N/A N/A,#N/A N/A,#N/A N/A,9/20/2018,9/20/2019,USD,2694000000,N
BL282154,TERM,DIGICT,400,0,0,9/28/2018,10/31/2024,USD,1536625000,Y
BL282346,TERM,CSCHLD,225,0,0,10/15/2018,1/15/2026,USD,9837500000,N
BL282449,TERM,REDVEN,300,0,0,11/9/2018,11/8/2024,USD,2760000000,N
BL282719,TERM,CISN,275,0,0,10/22/2018,6/16/2023,USD,1433396375,Y
BL282786,TERM,HDSUPP,175,0,0,10/22/2018,10/17/2023,USD,1070000000,Y
BL282828,TERM,HSI,350,0,75,10/31/2018,7/1/2024,USD,2563000000,Y
BL282856,TERM,NXST,225,0,0,10/26/2018,1/17/2024,USD,6191500445,Y
BL282871,TERM,SEM,250,0,0,10/26/2018,3/6/2025,USD,2597750000,N
BL282872,TERM,CONCEN,275,0,0,10/26/2018,6/1/2022,USD,1340297917,N
BL283048,TERM,SEDGEW,325,0,0,12/31/2018,12/31/2025,USD,4105000000,Y
BL283140,TERM,FCE,400,0,0,12/7/2018,12/7/2025,USD,1650000000,Y
BL283150,TERM,MDP,275,0,0,10/26/2018,1/31/2025,USD,3008000000,Y
BL283223,TERM,DK,225,0,0,10/26/2018,3/30/2025,USD,1288950000,Y
BL283316,TERM,MCAFEE,375,0,0,11/1/2018,9/29/2024,USD,4144602360,Y
BL283330,TERM,ARNBLE,275,0,#N/A N/A,10/31/2018,12/1/2024,USD,1810000000,Y
BL283512,TERM,IRIC,450,0,0,12/3/2018,12/3/2025,USD,1370000000,Y
BL283540,TERM,ALBLLC,300,0,75,11/16/2018,11/16/2025,USD,4735000000,Y
BL283894,TERM,UHS,137.5,0,0,10/23/2018,10/23/2023,USD,3500000000,N
BL284033,DELAY-DRAW TERM,SAIC,150,0,0,10/31/2018,10/31/2023,USD,3118000000,N
BL284165,TERM,ROCSOF,425,0,0,11/28/2018,12/31/2025,USD,1425000000,Y
BL284253,TERM,EDGGEN,375,0,0,12/13/2018,12/13/2025,USD,1425000000,Y
BL284815,TERM,BHCCN,275,0,0,11/27/2018,11/27/2025,USD,7290027633,N
BL284931,TERM,COMM,325,0,0,4/4/2019,4/4/2026,USD,3200000000,Y
BL285059,DELAY-DRAW TERM,IIVI,200,0,0,3/4/2019,9/24/2024,USD,2505000000,N
BL285067,TERM,AVTR,375,0,100,11/27/2018,11/21/2024,USD,3309232375,Y
BL285266,TERM,VIRT,350,0,0,3/1/2019,3/1/2026,USD,2025000000,N
BL285328,TERM,ATHN,450,0,0,2/11/2019,2/11/2026,USD,4060000000,#N/A N/A
BL285458,TERM,MIC,375,0,0,12/6/2018,12/6/2025,USD,1035000000,N
BL285485,TERM,FLT,150,0,0,12/19/2018,12/19/2023,USD,4403000000,N
BL285601,TERM,VCTR,325,0,0,7/1/2019,7/1/2026,USD,1200000000,N
BL285607,TERM,S,300,0,75,11/26/2018,2/3/2024,USD,8000000000,N
BL287002,TERM,NXST,275,0,0,9/19/2019,9/19/2026,USD,6191500445,Y
BL288292,TERM,HOLX,137.5,0,0,12/17/2018,12/15/2023,USD,3000000000,N
BL289775,TERM,PRSP,150,0,0,12/12/2018,5/31/2023,USD,3030375000,N
BL291303,TERM,CHHOLD,350,0,0,2/5/2019,2/5/2026,USD,2150000000,Y
BL291377,TERM,ABEGET,450,0,0,2/19/2019,2/19/2026,USD,1630300000,Y
BL291417,TERM,DAEAVI,400,0,0,4/4/2019,4/8/2026,USD,2295000000,Y
BL291890,TERM,EPICRU,500,0,0,3/1/2019,3/1/2026,USD,1075000000,N
BL292069,TERM,MENTOR,425,0,0,3/8/2019,3/8/2026,USD,1278212500,#N/A N/A
BL292293,TERM,BRIHEA,450,0,0,3/5/2019,3/5/2026,USD,2120000000,Y
BL292721,TERM,CSCHLD,300,0,0,2/7/2019,4/15/2027,USD,9337500000,N
BL292894,TERM,CHTR,150,0,0,1/24/2019,3/29/2024,USD,15523524997,N
BL293381,TERM,TGE,475,0,0,3/11/2019,3/11/2026,USD,1530000000,N
BL293839,TERM,NMG,600,0,150,6/7/2019,10/25/2023,USD,5718064480,Y
BL293840,PIK TERM,NMG,550,100,150,6/7/2019,10/25/2023,USD,5718064480,Y
BL294010,TERM,AMC,300,0,0,4/22/2019,4/22/2026,USD,2225000000,Y
BL294352,TERM,CITPET,500,0,100,3/28/2019,3/28/2024,USD,1200000000,N
BL294485,TERM,SVMSTR,375,0,100,3/19/2019,3/19/2026,USD,1161000000,#N/A N/A
BL294854,TERM,ELLI,400,0,0,4/17/2019,4/17/2026,USD,1390000000,Y
BL295461,TERM,SYNH,150,0,0,3/26/2019,3/26/2024,USD,4948990540,N
BL295514,TERM,TERMED,425,0,0,12/17/2019,12/17/2026,USD,2500000000,#N/A N/A
BL295940,TERM,SPLS,500,0,0,4/16/2019,4/12/2026,USD,2300000000,Y
BL296173,TERM,ULTI,375,0,0,5/3/2019,5/3/2026,USD,5670000000,Y
BL296934,TERM,ORYSOU,400,0,0,5/22/2019,5/22/2026,USD,1650000000,N
BL297911,TERM,ZUFFAL,325,0,100,4/29/2019,4/29/2026,USD,2693762500,Y
BL298052,TERM,PCIGAM,300,0,0,5/31/2019,5/31/2026,USD,1400000000,#N/A N/A
BL298137,TERM,PETM,425,0,100,4/17/2019,3/11/2022,USD,8107314496,Y
BL298518,TERM,IHRT,400,0,0,5/1/2019,5/1/2026,USD,3487360000,Y
BL298746,TERM,WEX,225,0,0,5/17/2019,5/17/2026,USD,3322500000,N
BL299028,TERM,AUTDAT,350,0,0,5/30/2019,5/30/2026,USD,1310000000,#N/A N/A
BL299117,TERM,ADVGRO,500,0,0,8/1/2019,8/1/2026,USD,1825000000,#N/A N/A
BL299490,TERM,BERY,250,0,0,7/1/2019,7/1/2026,USD,8262450000,Y
BL299530,TERM,BLKCQP,350,0,0,6/20/2019,9/30/2024,USD,2600000000,N
BL299971,TERM,NASCAR,275,0,0,10/18/2019,10/18/2026,USD,1560000000,Y
BL300324,TERM,USRENA,500,0,0,6/28/2019,6/26/2026,USD,1750000000,Y
BL300596,TERM,DSPORT,325,0,0,8/23/2019,8/24/2026,USD,3950000000,Y
BL300608,TERM,TIBX,400,0,0,7/3/2019,7/3/2026,USD,1949000000,Y
BL300612,TERM,WATOPE,575,0,100,6/21/2019,6/21/2026,USD,1000000000,N
BL300812,TERM,CLGX,175,0,0,5/31/2019,5/31/2024,USD,2500000000,N
BL301560,TERM,BPL,275,0,0,11/1/2019,11/1/2026,USD,2850000000,Y
BL301737,TERM,UNSEAM,425,0,0,7/12/2019,7/12/2026,USD,2520000000,Y
BL305168,TERM,CGPHLC,450,0,0,7/20/2020,7/20/2025,USD,7525000000,Y
BL308954,TERM,GWR,200,0,0,12/30/2019,12/30/2026,USD,3150000000,Y
BL309070,TERM,PGND,350,0,0,7/25/2019,7/25/2026,USD,1680000000,#N/A N/A
BL309165,TERM,WHABRA,325,0,0,8/2/2019,8/3/2026,USD,1530000000,Y
BL309413,TERM,PIKE,325,0,100,7/24/2019,7/24/2026,USD,1516000000,Y
BL309430,TERM,IION,300,0,0,7/25/2019,12/18/2024,USD,1440635015,Y
BL310348,TERM,SBGI,250,0,0,8/13/2019,9/30/2026,USD,3285750000,Y
BL310425,TERM,PRSP,150,0,0,8/13/2019,8/31/2024,USD,3063500000,N
BL310473,DELAY-DRAW TERM,DVA,150,0,0,8/12/2019,8/12/2024,USD,5493125000,N
BL310475,TERM,DVA,225,0,0,8/12/2019,8/12/2026,USD,5500000000,N
BL311009,TERM,DIGICT,400,0,0,10/16/2019,10/16/2026,USD,1775000000,Y
BL311032,TERM,SEDGEW,400,0,0,8/22/2019,9/3/2026,USD,4105000000,Y
BL311235,TERM,CCO,350,0,0,8/23/2019,8/21/2026,USD,2175000000,Y
BL311390,TERM,ALBLLC,275,0,75,8/15/2019,8/17/2026,USD,3100000000,Y
BL311530,TERM,ASCMAT,525,0,100,8/27/2019,8/27/2026,USD,1100000000,Y
BL311626,TERM,USFOOD,200,0,0,9/13/2019,9/13/2026,USD,4334000000,Y
BL311756,TERM,ALBLLC,275,0,75,8/15/2019,11/17/2025,USD,3100000000,Y
BL312030,TERM,ACOM,425,0,0,8/27/2019,8/27/2026,USD,2204429293,Y
BL312818,TERM,ELAN,175,0,0,8/1/2020,8/1/2027,USD,5025000000,Y
BL315334,TERM,PRSESE,325,0,100,9/23/2019,9/23/2026,USD,3510000000,Y
BL315654,TERM,ON,200,0,0,9/19/2019,9/19/2026,USD,3605000000,Y
BL315984,TERM,STRATO,475,0,0,9/30/2019,9/30/2026,USD,1650000000,Y
BL316132,TERM,WYNFIN,175,0,0,9/20/2019,9/20/2024,USD,1850000000,N
BL316538,TERM,TWNK,225,0,75,10/1/2019,8/3/2025,USD,1216370000,Y
BL316584,TERM,APIGRP,250,0,0,10/1/2019,10/1/2026,USD,1750000000,Y
BL316906,TERM,CSCHLD,250,0,0,10/3/2019,4/15/2027,USD,9837500000,Y
BL317226,TERM,GDDY,175,0,0,10/3/2019,2/15/2024,USD,3189000000,Y
BL318308,TERM,VMED,250,0,0,10/15/2019,1/31/2028,USD,10245925000,Y
BL318401,TERM,MERLLN,325,0,0,11/4/2019,11/4/2026,USD,3516790000,Y
BL318776,TERM,IRDM,375,0,100,11/4/2019,11/4/2026,USD,1750000000,Y
BL319085,TERM,BERY,200,0,0,10/18/2019,10/1/2022,USD,7062035000,Y
BL319181,TERM,HBGCN,400,0,100,11/19/2019,4/25/2025,USD,4831850000,Y
BL319310,TERM,GRAGEN,375,0,100,11/7/2019,11/7/2026,USD,1500000000,N
BL319690,TERM,CHTR,175,0,#N/A N/A,10/24/2019,4/30/2025,USD,15418781393,N
BL319691,TERM,CHTR,175,0,#N/A N/A,10/24/2019,2/1/2027,USD,15418781393,N
BL320039,TERM,ABCSUP,200,0,0,10/31/2019,1/15/2027,USD,1483000000,Y
BL320194,TERM,SOPHLN,350,0,0,3/5/2020,3/5/2027,USD,2077590000,Y
BL320284,TERM,GRFSM,200,0,0,11/15/2019,11/15/2027,USD,5000000000,Y
BL320288,TERM,HELPSY,475,0,100,11/30/2019,11/30/2026,USD,1120000000,#N/A N/A
BL320420,TERM,TRUN,175,0,0,12/10/2019,11/13/2026,USD,4050000000,Y
BL320421,TERM,LPLA,175,0,0,11/12/2019,11/12/2026,USD,1820000000,Y
BL320479,TERM,CHTR,125,0,#N/A N/A,10/24/2019,2/1/2025,USD,15418781393,N
BL320561,TERM,ERT,450,0,100,2/4/2020,2/4/2027,USD,1355000000,#N/A N/A
BL320897,TERM,FCE,350,0,0,11/20/2019,12/7/2025,USD,1641000000,Y
BL321113,TERM,ALTMOU,275,0,0,11/14/2019,7/31/2024,USD,2836000000,Y
BL321238,TERM,PLAHOL,600,0,100,12/10/2019,12/10/2024,USD,2750000000,Y
BL321283,TERM,SBAC,175,0,0,11/19/2019,4/11/2025,USD,3620000000,N
BL321515,TERM,STENOR,450,0,100,12/13/2019,12/13/2026,USD,2310000000,Y
BL321651,TERM,TRUN,150,0,0,12/10/2019,12/10/2024,USD,4050000000,N
BL321673,TERM,CREART,375,0,0,11/26/2019,11/26/2026,USD,1385000000,Y
BL321912,TERM,TELSAT,275,0,0,12/6/2019,12/6/2026,USD,2059430000,Y
BL321917,TERM,USFOOD,175,0,0,11/26/2019,6/27/2023,USD,4334000000,Y
BL322048,TERM,HAMHOL,200,0,0,12/16/2019,1/2/2027,USD,1321000000,#N/A N/A
BL322278,TERM,LVLT,175,0,0,11/29/2019,3/1/2027,USD,3110500000,Y
BL323453,TERM,BERY,200,0,0,12/17/2019,7/1/2026,USD,7062035000,Y
BL323559,TERM,CHK,800,0,100,12/19/2019,6/23/2024,USD,1500000000,#N/A N/A
BL324361,TERM,PCIGAM,250,0,0,12/24/2019,5/31/2026,USD,1277000000,#N/A N/A
BL324679,TERM,CPN,225,0,0,12/20/2019,1/15/2024,USD,1532000000,Y
BL324687,TERM,FINRSK,325,0,0,12/20/2019,10/1/2025,USD,9800566750,Y
BL324896,TERM,PITRCE,137.5,0,0,12/18/2019,12/16/2024,USD,4200000000,N
BL325643,TERM,LOGM,475,0,0,8/31/2020,8/31/2027,USD,2000000000,#N/A N/A
BL326898,TERM,XPER,400,0,0,6/1/2020,6/1/2025,USD,1050000000,Y
BL327259,TERM,PRAI,150,0,0,10/28/2019,10/28/2024,USD,1750000000,N
BL328081,TERM,CISN,375,0,0,1/31/2020,1/31/2027,USD,1909850000,N
BL328151,TERM,WECHOL,300,0,75,1/17/2020,8/1/2025,USD,3231000000,#N/A N/A
BL328162,TERM,AECMAN,400,0,0,1/31/2020,1/31/2027,USD,1290000000,Y
BL328253,TERM,RGCARE,375,0,0,1/21/2020,11/16/2025,USD,4114500000,Y
BL328332,TERM,FOCS,200,0,0,1/27/2020,7/3/2024,USD,1789187324,Y
BL328400,TERM,ICECR,225,0,0,1/31/2020,1/31/2027,USD,6292410000,Y
BL328425,TERM,WHABRA,275,0,0,2/3/2020,8/3/2026,USD,1526675000,Y
BL328488,TERM,TPFIIL,375,0,100,1/23/2020,10/2/2025,USD,1443245767,N
BL328490,TERM,ZIGGO,250,0,0,1/17/2020,4/30/2028,USD,4610470000,Y
BL328496,TERM,PUGLLC,350,0,0,2/13/2020,2/13/2027,USD,2655000000,Y
BL328502,TERM,VICI,175,0,0,1/24/2020,12/22/2024,USD,3100000000,Y
BL328506,TERM,BROPAR,325,0,0,1/27/2020,1/27/2027,USD,1586000000,Y
BL328521,TERM,KND,325,0,0,1/22/2020,7/2/2025,USD,2890930000,#N/A N/A
BL328613,TERM,AAL,175,0,0,1/29/2020,1/29/2027,USD,2862500000,N
BL328625,TERM,REDVEN,250,0,0,1/27/2020,11/8/2024,USD,3034000000,N
BL328666,TERM,SPCHEM,300,0,0,1/27/2020,10/1/2025,USD,7029100000,Y
BL328698,TERM,CWCLN,225,0,0,1/24/2020,1/31/2028,USD,2135000000,Y
BL328763,TERM,ALIXPA,250,0,0,1/30/2020,4/4/2024,USD,1970090000,Y
BL328771,TERM,ARNBLE,250,0,0,1/31/2020,2/2/2027,USD,2100000000,Y
BL328790,TERM,CHHOLD,300,0,0,1/31/2020,2/5/2026,USD,2240750000,Y
BL328802,TERM,DVA,175,0,0,2/13/2020,8/12/2026,USD,5493125000,N
BL328851,TERM,LUMN,225,0,0,1/31/2020,3/15/2027,USD,8699000000,Y
BL328865,TERM,BJ,225,0,0,1/29/2020,2/3/2024,USD,1318512235,Y
BL329002,TERM,TNETBB,200,0,0,1/31/2020,4/30/2028,USD,4059500000,Y
BL329024,TERM,REYN,175,0,0,2/4/2020,2/4/2027,USD,2725000000,N
BL329025,TERM,BRIHEA,325,0,0,1/30/2020,3/5/2026,USD,2528500000,Y
BL329031,TERM,ARGIHC,275,0,100,1/29/2020,2/5/2025,USD,5625000000,Y
BL329091,TERM,DNB,400,0,0,2/10/2020,2/8/2026,USD,3380000000,Y
BL329093,TERM,IHRT,300,0,0,2/3/2020,5/1/2026,USD,2551271311,Y
BL329095,TERM,ROYPHA,175,0,0,2/11/2020,2/11/2027,USD,1260000000,N
BL329182,TERM,SSNC,175,0,0,1/31/2020,4/16/2025,USD,5449000000,Y
BL329183,TERM,SSNC,175,0,0,1/31/2020,4/16/2025,USD,5449000000,Y
BL329184,TERM,SSNC,175,0,0,1/31/2020,4/16/2025,USD,5449000000,Y
BL329204,TERM,QUIKHO,250,0,0,1/31/2020,1/31/2027,USD,2500000000,Y
BL329263,TERM,TDG,225,0,0,2/6/2020,5/30/2025,USD,8264398211,Y
BL329264,TERM,TDG,225,0,0,2/6/2020,8/22/2024,USD,8264398211,Y
BL329265,TERM,TDG,225,0,0,2/6/2020,12/9/2025,USD,8264398211,Y
BL329409,TERM,ACRISU,350,0,0,2/13/2020,2/15/2027,USD,3525000000,N
BL329410,TERM,RRR,225,0,25,2/7/2020,2/8/2027,USD,2753174118,Y
BL329414,TERM,CAR,175,0,0,2/6/2020,8/6/2027,USD,3015730000,N
BL329422,TERM,HURVTR,300,0,0,2/18/2020,2/18/2027,USD,1228500000,#N/A N/A
BL329428,TERM,NUGGET,250,0,75,2/4/2020,10/4/2023,USD,3122900000,#N/A N/A
BL329434,TERM,GDI,175,0,0,2/28/2020,2/28/2027,USD,4888332140,Y
BL329514,TERM,NFP,325,0,0,2/13/2020,2/13/2027,USD,2250000000,Y
BL329515,TERM,RADPAR,425,0,0,2/5/2020,7/9/2025,USD,1339531807,Y
BL329554,TERM,CCACN,200,0,0,2/3/2020,1/4/2025,USD,1825000000,Y
BL329681,TERM,CWK,275,0,0,1/30/2020,8/21/2025,USD,3476250000,Y
BL329701,TERM,JANSTR,300,0,0,2/7/2020,1/7/2025,USD,1588693467,N
BL329793,TERM,DEATIR,425,0,0,2/5/2020,2/5/2027,USD,1607687500,#N/A N/A
BL329900,TERM,DAEAVI,350,0,0,2/12/2020,4/8/2026,USD,2489637500,Y
BL329930,TERM,CORTNP,300,0,0,3/2/2020,3/2/2027,USD,2200000000,Y
BL329934,TERM,ACPROD,650,0,100,2/18/2020,9/2/2025,USD,1100000000,#N/A N/A
BL329992,TERM,ZAYO,300,0,0,3/9/2020,3/9/2027,USD,6329580000,Y
BL330021,TERM,ASSPAR,350,0,0,2/13/2020,2/13/2027,USD,2939500000,Y
BL330150,TERM,VIRT,300,0,0,3/2/2020,3/1/2026,USD,1975000000,N
BL330224,TERM,INFA,325,0,0,2/25/2020,2/14/2027,USD,4511360000,Y
BL330619,TERM,VSBUYR,325,0,0,2/28/2020,3/2/2027,USD,1400000000,#N/A N/A
BL330645,TERM,CITSEC,275,0,0,2/12/2020,2/27/2026,USD,2000000000,N
BL330764,TERM,MDP,250,0,0,2/19/2020,1/31/2025,USD,1822500000,Y
BL331102,TERM,TIBX,375,0,0,3/4/2020,7/3/2026,USD,2309848345,Y
BL331456,TERM,DUFPHE,375,0,100,4/9/2020,4/9/2027,USD,2384150000,Y
BL331556,TERM,RSAS,500,0,100,9/1/2020,9/1/2027,USD,1125000000,Y
BL335528,TERM,CSOD,425,0,0,4/22/2020,4/22/2027,USD,1154700000,Y
BL338278,TERM,ILLBUY,400,0,0,6/30/2020,6/30/2027,USD,1375000000,Y
BL338406,TERM,UVN,375,0,100,6/24/2020,3/24/2026,USD,7084700000,Y
BL338865,TERM,ULTI,400,0,75,7/1/2020,5/3/2026,USD,5670000000,Y
BL339093,ASSET-BASED TERM,TECD,350,0,0,6/30/2020,7/1/2025,USD,4870000000,Y
BL339513,TERM,THYELE,425,0,0,7/14/2020,7/31/2027,USD,6269730000,Y
BL341524,TERM,RYASPE,325,0,75,9/1/2020,9/1/2027,USD,1950000000,Y
BL341797,TERM,EGLPT,425,0,100,7/31/2020,7/31/2027,USD,1990000000,Y
BL341962,TERM,GRMPAC,375,0,75,8/4/2020,8/4/2027,USD,1575000000,N
BL342403,TERM,TEACLL,325,0,50,8/7/2020,10/31/2026,USD,5422050000,Y
BL342593,TERM,VERITS,550,0,100,8/20/2020,9/1/2025,USD,2227355000,Y
BL342736,TERM,ASCENS,400,0,100,8/28/2020,12/3/2026,USD,1242000000,Y
BL342869,TERM,ASPTRE,250,0,0,9/4/2020,9/4/2027,USD,2750000000,Y
BL343059,TERM,UPCB,350,0,0,8/20/2020,1/31/2029,USD,3801520000,Y
BL343060,TERM,UPCB,350,0,0,8/20/2020,1/31/2029,USD,3801520000,Y
BL344353,TERM,RADIAT,350,0,75,9/25/2020,9/25/2026,USD,3105000000,Y
BL344372,TERM,SHEARE,400,0,75,9/23/2020,9/23/2027,USD,1225000000,Y
BL344501,TERM,MIK,350,0,75,10/1/2020,10/1/2027,USD,1670000000,Y
BL530182,DELAY-DRAW TERM,F,#N/A N/A,#N/A N/A,#N/A N/A,9/16/2009,6/15/2022,USD,5937000000,N
BL705651,DELAY-DRAW TERM,IRDM,#N/A N/A,0,#N/A N/A,10/4/2010,9/30/2024,USD,1800000000,N
BL717042,TERM,OBSNAT,200,0,500,9/30/2010,11/2/2015,USD,1152449000,N
BL762233,TERM,AVYA,450,0,#N/A N/A,2/11/2011,10/26/2017,USD,3376000000,Y
BL765166,TERM,UNVR,350,0,150,2/28/2011,6/30/2017,USD,2962550000,Y
BL781540,TERM,TXU,450,0,#N/A N/A,4/7/2011,10/10/2017,USD,22636377115,N
BL787561,TERM,TXU,350,0,#N/A N/A,4/7/2011,10/10/2014,USD,22636377115,N
LN333526,REV,ENDENR,200,0,#N/A N/A,5/1/2007,1/2/2023,USD,2000000000,N
LN365372,RESERVE-BASED REV,BBEP,#N/A N/A,0,0,10/10/2006,11/19/2019,USD,1400000000,N
LN376634,ASSET-BASED REV,SOGC,200,0,#N/A N/A,11/30/2007,4/7/2016,USD,2000000000,Y
LN472360,ASSET-BASED REV,SHLD,400,0,#N/A N/A,5/21/2009,4/8/2016,USD,4275000000,N
