12/31/2015,3/31/2016,6/30/2016,9/30/2016,12/31/2016,3/31/2017,6/30/2017,9/30/2017,12/31/2017,3/31/2018,6/30/2018,9/30/2018,12/31/2018,3/31/2019,6/30/2019,9/30/2019,12/31/2019,3/31/2020,6/30/2020,9/30/2020
BL188182,BL110843,BL095588,BL787561,BL125044,BL049152,BL049152,BL049152,BL078201,BL078201,BL078201,BL078201,BL078201,BL100329,BL231749,BL236984,BL237452,BL238555,BL239077,BL134368
BL172468,BL119025,BL091833,BL781540,BL231026,BL705651,BL705651,BL078201,BL127231,BL132673,BL126708,BL100838,BL100329,BL125044,BL228717,BL240745,BL238574,BL235318,BL238559,BL201089
BL178125,BL116118,BL097957,BL224761,BL231391,BL230896,BL224217,BL096577,BL126708,BL131645,BL132673,BL101755,BL122781,BL171317,BL235596,BL231749,BL238559,BL240639,BL239854,BL244467
BL177676,BL109181,BL099300,BL224161,BL530182,BL224217,BL224235,BL236099,BL132673,BL126064,BL137959,BL125044,BL125044,BL185999,BL234908,BL231646,BL236099,BL239854,BL234906,BL224671
BL172370,BL118169,BL107477,BL201068,BL231470,BL230892,BL118318,BL236101,BL137961,BL126708,BL137961,BL115963,BL101755,BL177244,BL234906,BL235667,BL235667,BL239077,BL240392,BL251616
BL787561,BL109116,BL097468,BL201239,BL201239,BL099828,BL121913,BL239854,BL137959,BL137959,BL136736,BL132673,BL171317,BL180772,BL235079,BL236099,BL235595,BL240392,BL240639,BL251721
BL178149,BL139029,BL097608,BL220450,BL231888,BL118200,BL123733,BL231470,BL121913,BL137961,BL125732,BL126718,BL173772,BL172297,BL236141,BL228717,BL234908,BL240488,BL234871,BL251802
BL177605,BL132673,BL091278,BL225447,BL225728,BL112344,BL117008,BL238122,BL122712,BL136736,BL134368,BL137789,BL173220,BL134368,BL237116,BL235318,BL234906,BL234906,BL234908,BL251813
BL158277,BL139622,BL099078,BL222132,BL225373,BL117389,BL117463,BL231391,BL125732,BL125732,BL125044,BL117463,BL214824,BL173772,BL235318,BL235596,BL238555,BL234908,BL241337,BL252700
BL172183,BL137396,BL101755,BL222206,BL231646,BL115177,BL115963,BL236132,BL118318,BL127231,BL122781,BL122781,BL185999,BL224671,BL238559,BL235595,BL240392,BL236099,BL240380,BL252803
BL172296,BL135295,BL096577,BL215247,BL225748,BL123733,BL117389,BL236283,BL115963,BL118318,BL117463,BL126708,BL166475,BL295461,BL240745,BL238559,BL240488,BL238559,BL238050,BL241337
BL172350,BL135296,BL125732,BL222459,BL232247,BL117008,BL118169,BL235068,BL134368,BL134368,BL117389,BL100557,BL174967,BL243427,BL239854,BL238555,BL235318,BL234871,BL235667,BL243779
BL130220,BL135323,BL114892,BL201076,BL230438,BL101755,BL101755,BL236293,BL136736,BL127514,BL115963,BL137959,BL180772,BL244829,BL238050,BL236141,BL238034,BL240380,BL228717,BL238050
BL177967,BL125991,BL116098,BL219937,BL230309,BL118318,BL100838,BL235684,BL122781,BL129346,BL171139,BL137961,BL172297,BL244847,BL240392,BL234908,BL236141,BL238050,BL235542,BL244046
BL178069,BL130220,BL118169,BL201504,BL230445,BL116463,BL116463,BL237649,BL125044,BL125044,BL166475,BL176024,BL171139,BL214824,BL240488,BL234906,BL240745,BL221885,BL235474,BL244143
BL178146,BL126708,BL122712,BL201508,BL228968,BL121913,BL122712,BL240176,BL118169,BL123733,BL173220,BL173772,BL126064,BL272654,BL240380,BL235088,BL199124,BL226994,BL226994,BL221093
BL781540,BL126718,BL118200,BL199547,BL225659,BL118169,BL137961,BL235072,BL123733,BL122712,BL170307,BL172547,BL134368,BL270579,BL199124,BL239854,BL230354,BL235474,BL237452,BL221394
BL092761,BL124813,BL116682,BL214824,BL225988,BL115963,BL141196,BL230559,BL117008,BL122781,BL162849,BL142630,BL224671,BL273240,BL234871,BL240392,BL234871,BL231749,BL231749,BL231646
BL116098,BL125739,BL125739,BL199825,BL219074,BL117463,BL139613,BL238918,BL117389,BL117389,BL142630,BL185999,BL244847,BL269673,BL235775,BL240488,BL231749,BL235667,BL231646,BL231749
BL116118,BL124880,BL115999,BL213523,BL224167,BL093424,BL130448,BL234983,BL116463,BL115963,BL168280,BL194448,BL226994,BL271621,BL235542,BL237116,BL228717,BL231646,BL238753,BL238559
BL093424,BL128933,BL109116,BL201072,BL228427,BL107829,BL126708,BL235595,BL117463,BL116463,BL126064,BL193563,BL199124,BL268909,BL235474,BL238574,BL235596,BL255714,BL251721,BL238753
BL093478,BL124892,BL162849,BL214863,BL230892,BL100838,BL125044,BL241177,BL171139,BL117463,BL176024,BL185332,BL202268,BL270253,BL237452,BL228280,BL228280,BL244467,BL252667,BL239077
BL116455,BL123144,BL171983,BL213543,BL229887,BL110843,BL125732,BL235071,BL166932,BL171139,BL171317,BL173220,BL270579,BL269923,BL236984,BL234871,BL235474,BL252700,BL251813,BL265493
BL097608,BL130841,BL172861,BL222239,BL201183,BL086576,BL122781,BL228717,BL168280,BL170307,BL100838,BL166475,BL271889,BL271889,BL230354,BL235474,BL231646,BL251802,BL251802,BL239854
BL101669,BL123733,BL132673,BL213366,BL227762,BL078201,BL131645,BL225659,BL171039,BL173503,BL100557,BL181844,BL271576,BL285485,BL235595,BL237452,BL243812,BL252667,BL255285,BL265955
BL101755,BL118506,BL136201,BL530182,BL213567,BL112803,BL134368,BL238034,BL173220,BL166932,BL126718,BL180772,BL275384,BL288292,BL228280,BL235775,BL246641,BL255241,BL258203,BL265961
BL117008,BL124773,BL142630,BL201089,BL228623,BL116455,BL126464,BL238078,BL170307,BL173220,BL158726,BL171139,BL268988,BL281393,BL236099,BL230354,BL249938,BL255284,BL249221,BL266251
BL102070,BL132988,BL182831,BL226681,BL227743,BL124272,BL144437,BL237265,BL173503,BL158726,BL137789,BL172297,BL270253,BL283140,BL235088,BL226994,BL243923,BL243413,BL248205,BL100329
BL078201,BL130842,BL174773,BL222698,BL231159,BL122712,BL158726,BL236579,BL158726,BL162849,BL131645,BL131645,BL270251,BL279056,BL231646,BL235684,BL244847,BL248205,BL244046,BL196349
BL116682,BL125732,BL174775,BL201183,BL200939,BL126464,BL136736,BL234418,BL168031,BL142630,BL173772,BL126064,BL538122,BL291890,BL235667,BL243413,BL244046,BL251616,BL249678,BL187278
BL098814,BL126504,BL172037,BL220471,BL222206,BL137959,BL137959,BL236095,BL166475,BL168031,BL172547,BL158726,BL283150,BL252700,BL235684,BL243812,BL238753,BL250867,BL251616,BL173772
BL094357,BL129672,BL171550,BL225029,BL219937,BL139613,BL078201,BL235410,BL172104,BL168280,BL178125,BL134368,BL288292,BL256794,BL243812,BL249185,BL239077,BL249221,BL249838,BL174967
BL107829,BL122781,BL174456,BL225996,BL224761,BL137961,BL095797,BL235284,BL169529,BL166475,BL180772,BL136736,BL285485,BL258040,BL246641,BL248205,BL238050,BL249938,BL249938,BL199124
BL101668,BL125435,BL140384,BL096707,BL222132,BL141196,BL096577,BL238050,BL173772,BL171039,BL185332,BL171317,BL279056,BL258361,BL243298,BL244046,BL237116,BL252803,BL252803,BL256132
BL130448,BL127593,BL172547,BL101755,BL199825,BL126718,BL124533,BL227109,BL172547,BL171317,BL172296,BL221093,BL283316,BL279790,BL249064,BL243779,BL240380,BL249185,BL249185,BL256250
BL092944,BL124533,BL166932,BL092944,BL222292,BL126708,BL126064,BL230313,BL172496,BL176024,BL181844,BL193613,BL283330,BL277057,BL249935,BL244467,BL239854,BL262812,BL228280,BL256296
BL096707,BL129786,BL171739,BL100568,BL201068,BL129346,BL126718,BL236071,BL171317,BL182831,BL178737,BL244847,BL258043,BL272555,BL248205,BL240639,BL248205,BL255285,BL252700,BL256304
BL093267,BL139613,BL172496,BL129672,BL224235,BL125739,BL130220,BL230354,BL176024,BL100838,BL221394,BL243413,BL268525,BL268525,BL249838,BL240380,BL250103,BL249838,BL249434,BL262463
BL055917,BL136736,BL166120,BL125991,BL227760,BL125732,BL129346,BL235540,BL182831,BL137789,BL221093,BL243045,BL268529,BL268211,BL243923,BL238753,BL249838,BL251813,BL255714,BL262812
BL049152,BL127513,BL174602,BL123241,BL228262,BL125044,BL170307,BL235318,BL100838,BL126718,BL189502,BL224285,BL272558,BL268221,BL244467,BL239077,BL251802,BL221093,BL240745,BL263002
BL093319,BL136812,BL166181,BL132103,BL213366,BL131645,BL172547,BL237313,BL137789,BL173772,BL199825,BL222206,BL268221,BL268220,BL244067,BL241337,BL251813,BL224671,BL221093,BL263445
BL115999,BL137828,BL167117,BL130220,BL219243,BL132103,BL173220,BL228822,BL142630,BL172296,BL213902,BL226478,BL269547,BL272558,BL244847,BL239798,BL250043,BL238753,BL248517,BL263622
BL097468,BL129549,BL171718,BL125732,BL224543,BL158726,BL169529,BL235531,BL126718,BL178125,BL201089,BL222750,BL289775,BL268529,BL244829,BL238034,BL251721,BL243923,BL221885,BL263923
BL083751,BL127231,BL173493,BL122640,BL224255,BL136736,BL137789,BL239922,BL129346,BL185332,BL193613,BL214863,BL283894,BL292293,BL240639,BL238050,BL243887,BL237452,BL243413,BL228280
BL116463,BL132515,BL176024,BL126464,BL224775,BL134368,BL132673,BL243427,BL127514,BL193275,BL199124,BL202268,BL239854,BL284033,BL239077,BL249838,BL244143,BL235596,BL243923,BL264262
BL115808,BL123241,BL132988,BL121913,BL224217,BL096577,BL127231,BL239964,BL126064,BL180772,BL194448,BL199124,BL240380,BL285328,BL238753,BL251803,BL243413,BL201089,BL235596,BL228717
BL097957,BL130448,BL137961,BL129346,BL230857,BL095797,BL142630,BL234906,BL162849,BL185999,BL193563,BL214824,BL239692,BL199124,BL239798,BL250103,BL243779,BL221394,BL224671,BL264386
BL098004,BL121913,BL130841,BL125739,BL201089,BL130220,BL171317,BL234908,BL131645,BL172547,BL214863,BL270193,BL237313,BL289775,BL241337,BL249131,BL242468,BL173772,BL201089,BL329701
BL115963,BL158277,BL136736,BL126064,BL222566,BL132515,BL172318,BL242695,BL172296,BL221394,BL224167,BL268313,BL243298,BL283316,BL238574,BL251802,BL244467,BL174967,BL219943,BL320420
BL096577,BL144437,BL132103,BL129786,BL225447,BL126064,BL172296,BL238075,BL172297,BL215247,BL224671,BL268988,BL243297,BL285266,BL238034,BL251721,BL248517,BL269923,BL214824,BL320421
BL130841,BL166932,BL165804,BL126718,BL230326,BL127514,BL172297,BL235438,BL178125,BL213902,BL202268,BL269673,BL248205,BL294352,BL236282,BL251813,BL250867,BL271061,BL221394,BL330021
BL121825,BL166120,BL170307,BL132988,BL225419,BL124533,BL172183,BL238849,BL185332,BL193613,BL214824,BL270251,BL240488,BL283512,BL238555,BL250043,BL249434,BL274402,BL173772,BL330150
BL099828,BL144184,BL170403,BL122712,BL230313,BL127231,BL168280,BL236647,BL181844,BL194448,BL222206,BL273240,BL238555,BL272169,BL251803,BL243887,BL100329,BL202268,BL182832,BL330619
BL121913,BL140384,BL158286,BL124272,BL220450,BL122781,BL171039,BL243432,BL193275,BL199124,BL224285,BL275384,BL241337,BL282719,BL251813,BL242468,BL134368,BL214824,BL276960,BL330645
BL118041,BL166183,BL141196,BL134368,BL220471,BL130448,BL171139,BL235542,BL187176,BL221093,BL273704,BL270279,BL238050,BL283894,BL250103,BL243923,BL174967,BL199124,BL202268,BL330764
BL131645,BL171146,BL177955,BL126708,BL234418,BL169529,BL172350,BL238253,BL185700,BL199825,BL273705,BL275454,BL236984,BL283330,BL251802,BL246641,BL171317,BL100329,BL199124,BL341524
BL087301,BL140107,BL178069,BL131645,BL230734,BL171739,BL228262,BL137789,BL180772,BL189502,BL269464,BL272654,BL236282,BL239798,BL249131,BL251616,BL173772,BL134368,BL198366,BL341797
BL132103,BL137095,BL172183,BL142630,BL226498,BL172296,BL235542,BL173503,BL178737,BL202268,BL268695,BL268292,BL239077,BL238555,BL251721,BL100329,BL202268,BL124792,BL198330,BL305168
BL100838,BL137961,BL171146,BL137789,BL226681,BL172297,BL235937,BL238555,BL185999,BL193563,BL269849,BL258040,BL235595,BL237313,BL250043,BL110020,BL221394,BL124793,BL134368,BL324361
BL095780,BL141196,BL173772,BL136736,BL230325,BL172547,BL231391,BL235815,BL221394,BL224671,BL271080,BL255714,BL235818,BL238559,BL243887,BL174967,BL221093,BL087300,BL110020,BL324679
BL100413,BL166541,BL171139,BL130448,BL225689,BL132673,BL226478,BL238574,BL215247,BL224761,BL268517,BL279264,BL235596,BL236141,BL243427,BL171317,BL214824,BL110020,BL100329,BL335528
BL117463,BL172276,BL172276,BL136201,BL230531,BL137789,BL235007,BL249019,BL221093,BL225447,BL271061,BL277057,BL238034,BL235775,BL244143,BL173772,BL224671,BL228717,BL174967,BL326898
BL110843,BL172296,BL172278,BL137959,BL225034,BL144437,BL235531,BL238753,BL194448,BL222292,BL264763,BL272554,BL236141,BL235596,BL244046,BL180772,BL226994,BL235542,BL230354,BL328081
BL121990,BL167117,BL174967,BL137961,BL230328,BL161328,BL235547,BL244067,BL219937,BL214824,BL275384,BL268008,BL244067,BL235595,BL243297,BL221885,BL228609,BL230354,BL270253,BL328151
BL117204,BL171317,BL178125,BL132673,BL232272,BL142630,BL235069,BL249772,BL213902,BL214863,BL268525,BL268211,BL242468,BL237452,BL243413,BL202268,BL201089,BL228280,BL276610,BL328162
BL130842,BL165227,BL178149,BL137828,BL230559,BL172318,BL172861,BL238559,BL199825,BL219074,BL268514,BL268529,BL238574,BL239077,BL243779,BL214824,BL187278,BL276610,BL276648,BL328253
BL099672,BL171139,BL139613,BL144184,BL226478,BL172350,BL173503,BL242924,BL193613,BL224285,BL272554,BL269849,BL244829,BL235667,BL249185,BL228609,BL262593,BL278225,BL272504,BL328332
BL095588,BL178737,BL129786,BL130841,BL225029,BL173220,BL230445,BL238607,BL189502,BL222206,BL270251,BL268525,BL240639,BL238050,BL251616,BL224671,BL261839,BL270111,BL279790,BL328400
BL110020,BL173847,BL127231,BL117204,BL225043,BL168280,BL231142,BL230873,BL194359,BL220471,BL270253,BL705651,BL243923,BL238034,BL100329,BL201089,BL264562,BL278129,BL272558,BL328425
BL099899,BL178069,BL123733,BL117008,BL225996,BL170307,BL227743,BL235158,BL193563,BL221885,BL101755,BL272504,BL244467,BL236984,BL174967,BL187278,BL264386,BL272558,BL268187,BL328488
BL109181,BL137789,BL172104,BL109181,BL230726,BL172183,BL231131,BL242126,BL224761,BL264762,BL272312,BL270296,BL248517,BL248517,BL171317,BL199124,BL264384,BL272504,BL269818,BL328490
BL099712,BL158726,BL178510,BL112803,BL226273,BL171039,BL228019,BL235160,BL222292,BL264003,BL272284,BL235667,BL246641,BL243297,BL177244,BL134368,BL263923,BL272620,BL267827,BL328496
BL108583,BL165615,BL201762,BL101469,BL101755,BL171139,BL228717,BL249064,BL201089,BL100557,BL272504,BL239854,BL243518,BL244467,BL173772,BL263522,BL264269,BL266039,BL268211,BL328502
BL121714,BL165804,BL173193,BL099300,BL122712,BL166932,BL235438,BL241299,BL221929,BL101755,BL270193,BL238050,BL240745,BL238574,BL180772,BL263923,BL283330,BL268211,BL269186,BL328506
BL086576,BL187176,BL189506,BL096577,BL130220,BL171393,BL173772,BL242204,BL219074,BL255714,BL270212,BL240392,BL244046,BL240639,BL202268,BL261839,BL279056,BL268220,BL269082,BL328521
BL101469,BL180540,BL171393,BL095780,BL125732,BL228097,BL174967,BL235839,BL214765,BL705651,BL705651,BL238958,BL235684,BL241337,BL221394,BL264384,BL284165,BL269082,BL269782,BL328613
BL098526,BL182831,BL185767,BL099078,BL122781,BL228717,BL226681,BL237938,BL214863,BL235318,BL235079,BL239692,BL235318,BL243413,BL224167,BL264269,BL281230,BL271576,BL272187,BL328625
BL109116,BL174967,BL195365,BL095797,BL132103,BL231888,BL235088,BL240753,BL214824,BL260439,BL235088,BL240380,BL228717,BL243518,BL226994,BL265955,BL283316,BL269782,BL268221,BL328666
BL099300,BL174075,BL180772,BL115963,BL129346,BL234418,BL230309,BL241455,BL222750,BL256132,BL255714,BL243298,BL236101,BL246641,BL224671,BL283316,BL283048,BL265742,BL265142,BL328698
BL117389,BL178146,BL182330,BL118318,BL126064,BL235540,BL235079,BL240745,BL224285,BL256136,BL255496,BL248205,BL236099,BL244046,BL228609,BL279056,BL280251,BL268221,BL266977,BL328763
BL121633,BL169529,BL181418,BL116098,BL125739,BL235007,BL232272,BL244046,BL224082,BL255726,BL260439,BL248517,BL235542,BL240745,BL201089,BL276960,BL277400,BL266977,BL265252,BL328771
BL098910,BL171393,BL781540,BL116118,BL126718,BL231391,BL235068,BL249131,BL255241,BL257542,BL256136,BL242547,BL235474,BL243923,BL185999,BL281227,BL278225,BL269186,BL266045,BL328790
BL099078,BL172183,BL787561,BL117463,BL129672,BL228200,BL236000,BL243923,BL100557,BL255284,BL257672,BL243779,BL238753,BL242468,BL134368,BL281230,BL279790,BL267827,BL272736,BL328802
BL098312,BL174456,BL172922,BL117389,BL124272,BL235937,BL230726,BL248205,BL101755,BL263678,BL257455,BL240488,BL237452,BL244067,BL264386,BL280251,BL277177,BL271539,BL271576,BL328851
BL109926,BL136201,BL185024,BL115808,BL134368,BL228296,BL236579,BL240766,BL254713,BL265038,BL256250,BL241337,BL237116,BL235684,BL264384,BL279790,BL276826,BL267819,BL272312,BL328865
BL100855,BL170307,BL173847,BL109926,BL126708,BL235073,BL235072,BL249185,BL252450,BL234418,BL257124,BL238559,BL235775,BL235318,BL263923,BL278225,BL278129,BL271080,BL269238,BL329002
BL112344,BL172037,BL177605,BL118671,BL131645,BL235072,BL238034,BL241467,BL705651,BL235438,BL267905,BL236984,BL235531,BL235542,BL262450,BL278129,BL274402,BL276960,BL270456,BL329024
BL122712,BL159612,BL189502,BL118506,BL137789,BL173503,BL235089,BL245412,BL242848,BL235079,BL263678,BL238034,BL228280,BL228717,BL263522,BL276826,BL274101,BL272312,BL269077,BL329025
BL095797,BL159503,BL178637,BL092761,BL132515,BL178737,BL238607,BL239532,BL243413,BL236984,BL272654,BL235595,BL230354,BL236101,BL264562,BL271080,BL272620,BL272187,BL268220,BL329031
BL118318,BL172104,BL181844,BL097468,BL142630,BL172861,BL231470,BL235088,BL249019,BL236674,BL264003,BL235818,BL234871,BL236099,BL283048,BL273210,BL268909,BL277057,BL272620,BL329091
BL122582,BL173493,BL175646,BL093267,BL132673,BL231646,BL235595,BL236367,BL226994,BL236101,BL264030,BL236141,BL235079,BL236282,BL283316,BL270251,BL270253,BL279790,BL277057,BL329093
BL132673,BL171983,BL185719,BL093319,BL136736,BL230438,BL235073,BL235775,BL235079,BL238034,BL264384,BL236282,BL234908,BL237116,BL281227,BL287002,BL285059,BL275384,BL275384,BL329182
BL118741,BL055917,BL202268,BL121714,BL130448,BL230445,BL235071,BL241290,BL235318,BL237265,BL267931,BL235596,BL231749,BL235818,BL281230,BL283894,BL283894,BL276648,BL272654,BL329183
BL122457,BL107829,BL185700,BL122582,BL136201,BL229887,BL235540,BL240542,BL260439,BL237649,BL266977,BL236674,BL234906,BL238753,BL278225,BL282154,BL284253,BL272654,BL270579,BL329184
BL100568,BL117389,BL189843,BL123902,BL137959,BL228019,BL222206,BL235765,BL256132,BL238958,BL264762,BL237522,BL231646,BL231646,BL276960,BL252700,BL287002,BL270253,BL278225,BL329204
BL136077,BL117463,BL185332,BL116463,BL137961,BL225447,BL224082,BL238528,BL252667,BL248205,BL268255,BL238035,BL235088,BL234908,BL275384,BL256250,BL255496,BL270579,BL278129,BL329263
BL118799,BL116682,BL201815,BL124533,BL135323,BL231131,BL221701,BL237116,BL255384,BL249131,BL269515,BL243297,BL201089,BL235474,BL277177,BL255496,BL252700,BL256304,BL256296,BL329264
BL105168,BL116098,BL180540,BL123733,BL100838,BL178149,BL224543,BL235818,BL256136,BL231470,BL271396,BL244067,BL221093,BL234906,BL278129,BL255241,BL255241,BL256296,BL265469,BL329265
BL119025,BL111757,BL187277,BL121633,BL112803,BL224479,BL224167,BL242125,BL256374,BL236071,BL267906,BL243295,BL224167,BL234871,BL271539,BL276610,BL277717,BL255912,BL265955,BL329409
BL122640,BL118200,BL184617,BL122457,BL097957,BL219937,BL228427,BL236314,BL256250,BL235088,BL269624,BL240807,BL221394,BL235079,BL274402,BL267859,BL276900,BL249434,BL268493,BL329410
BL111404,BL115177,BL195315,BL127231,BL096707,BL202738,BL192492,BL236995,BL255501,BL236282,BL236282,BL244829,BL177244,BL228280,BL272555,BL268313,BL268292,BL268493,BL267552,BL329414
BL118169,BL112803,BL178888,BL118741,BL095780,BL225034,BL200551,BL240639,BL236101,BL236099,BL235318,BL242204,BL221885,BL235531,BL272620,BL265142,BL266406,BL265961,BL269547,BL329422
BL111757,BL099672,BL182414,BL124813,BL095797,BL226681,BL194359,BL241524,BL234418,BL238753,BL236984,BL246359,BL226478,BL231749,BL270456,BL282719,BL285328,BL267552,BL265961,BL329428
BL118506,BL098312,BL184667,BL118041,BL101469,BL235547,BL194448,BL244553,BL235088,BL238555,BL238034,BL238574,BL239798,BL230354,BL269923,BL283140,BL282346,BL263096,BL318776,BL329434
BL136201,BL091833,BL192786,BL118169,BL115963,BL236282,BL192484,BL244143,BL236282,BL239692,BL237522,BL240639,BL238958,BL221093,BL270253,BL283150,BL283150,BL318776,BL324361,BL329514
BL092676,BL097468,BL187176,BL116455,BL118318,BL230726,BL235005,BL249974,BL235937,BL238559,BL235531,BL240753,BL235667,BL224479,BL272630,BL284253,BL293381,BL311756,BL320194,BL329515
BL092245,BL098526,BL190239,BL102070,BL109181,BL228262,BL235001,BL244469,BL236099,BL242468,BL236099,BL243923,BL241299,BL224167,BL269464,BL293840,BL293840,BL324361,BL317226,BL329554
BL178637,BL101469,BL214863,BL098526,BL117008,BL235071,BL235003,BL249926,BL238958,BL241337,BL236101,BL240745,BL238559,BL221394,BL282346,BL296173,BL296173,BL319181,BL323559,BL338278
BL178737,BL078201,BL180602,BL092676,BL115808,BL231470,BL234418,BL249939,BL237522,BL240956,BL249064,BL243518,BL240392,BL174967,BL283150,BL284931,BL285607,BL328763,BL328763,BL338406
BL123045,BL101955,BL219937,BL093424,BL116098,BL235088,BL230559,BL239692,BL236984,BL240176,BL249131,BL242468,BL228609,BL202268,BL284253,BL282856,BL285266,BL323559,BL320561,BL320561
BL166183,BL092761,BL199547,BL122781,BL118506,BL226498,BL234983,BL240807,BL248414,BL243779,BL235684,BL244046,BL224479,BL226994,BL255241,BL282871,BL282449,BL317226,BL328698,BL329900
BL180540,BL102070,BL192683,BL129379,BL117463,BL236579,BL231888,BL244467,BL244829,BL243297,BL234418,BL235684,BL243887,BL226478,BL252700,BL285607,BL282828,BL324679,BL318401,BL329930
BL136736,BL087301,BL213572,BL127514,BL117389,BL235068,BL235421,BL239586,BL249550,BL235474,BL241299,BL234979,BL243427,BL221885,BL256472,BL291417,BL282856,BL324687,BL320897,BL329992
BL125739,BL093319,BL213666,BL118200,BL124533,BL230734,BL227762,BL243117,BL249288,BL238050,BL239692,BL224479,BL243413,BL240380,BL255496,BL282449,BL281393,BL320897,BL316538,BL339513
BL140107,BL096093,BL193129,BL124059,BL127231,BL238050,BL231749,BL242376,BL246349,BL235531,BL238559,BL228717,BL252803,BL240488,BL277717,BL282828,BL295940,BL328253,BL328253,BL330224
BL123733,BL092676,BL213543,BL127513,BL116455,BL235542,BL230531,BL237522,BL236071,BL237522,BL240639,BL162849,BL251803,BL240392,BL279673,BL292721,BL293839,BL322048,BL320420,BL331102
BL158726,BL101668,BL178737,BL125044,BL092761,BL235069,BL234979,BL236674,BL237649,BL243094,BL242468,BL235542,BL251813,BL239854,BL268514,BL293839,BL294352,BL318401,BL319181,BL331456
BL125991,BL098814,BL197421,BL123144,BL098526,BL235079,BL235410,BL241004,BL235438,BL242098,BL241337,BL235318,BL249939,BL228609,BL268292,BL288785,BL288785,BL321238,BL329263,BL331556
BL126064,BL097608,BL175124,BL124880,BL093319,BL226478,BL227109,BL234979,BL237644,BL243045,BL243295,BL237116,BL249185,BL235088,BL265955,BL293381,BL295514,BL328698,BL328332,BL291377
BL126161,BL100413,BL172297,BL125435,BL116463,BL219074,BL228822,BL238183,BL237415,BL245010,BL244046,BL236099,BL251721,BL241299,BL267827,BL294352,BL295461,BL321113,BL328790,BL292069
BL181261,BL100568,BL172350,BL124892,BL124892,BL224543,BL235839,BL236143,BL238260,BL245012,BL242547,BL235775,BL248073,BL243887,BL265961,BL295940,BL294010,BL318308,BL328771,BL315334
BL107508,BL101669,BL180603,BL108583,BL118169,BL222206,BL199547,BL242700,BL241004,BL237938,BL240753,BL236101,BL243779,BL249221,BL264269,BL294010,BL294485,BL319690,BL329264,BL315654
BL159612,BL093478,BL184611,BL110843,BL123733,BL224049,BL200939,BL235474,BL242468,BL236141,BL238958,BL238753,BL249221,BL249064,BL266406,BL294485,BL291417,BL316538,BL329681,BL315984
BL112803,BL093424,BL177676,BL100838,BL118671,BL228427,BL193563,BL228019,BL238559,BL240745,BL236674,BL234908,BL249193,BL248414,BL283140,BL285266,BL288292,BL328771,BL300324,BL316538
BL178743,BL115808,BL185999,BL115177,BL121633,BL225728,BL193613,BL241668,BL243649,BL238574,BL235474,BL234906,BL244143,BL249434,BL296173,BL282872,BL282871,BL328332,BL298746,BL316584
BL166541,BL111404,BL172370,BL116682,BL123902,BL224082,BL182831,BL243401,BL243298,BL237313,BL238035,BL234871,BL249838,BL250867,BL284931,BL281393,BL283512,BL320561,BL310425,BL316906
BL125732,BL116463,BL177608,BL106540,BL124813,BL192483,BL185332,BL238260,BL245010,BL240766,BL238050,BL230354,BL256296,BL248073,BL282871,BL283512,BL299028,BL329701,BL321113,BL317226
BL132988,BL118741,BL171317,BL099828,BL099300,BL194359,BL199825,BL240956,BL241455,BL239798,BL244143,BL228609,BL256294,BL249131,BL285607,BL288292,BL299117,BL315984,BL324896,BL341962
BL123241,BL117204,BL172296,BL107829,BL096577,BL192484,BL215247,BL234871,BL242547,BL236826,BL243094,BL228280,BL256630,BL244143,BL284815,BL285601,BL291303,BL298746,BL321912,BL342403
BL096093,BL118041,BL201761,BL112344,BL102070,BL192493,BL185999,BL236141,BL243779,BL240488,BL237313,BL231749,BL256669,BL249193,BL282449,BL295461,BL300812,BL312030,BL315654,BL342736
BL125435,BL108583,BL172318,BL101955,BL093424,BL192492,BL185339,BL241024,BL242695,BL246349,BL240745,BL231646,BL258305,BL243779,BL282828,BL285485,BL298052,BL308954,BL319690,BL342869
BL122781,BL094357,BL213523,BL097957,BL123241,BL234983,BL193129,BL238964,BL242700,BL243923,BL238574,BL234418,BL256132,BL249838,BL285485,BL298518,BL300324,BL300812,BL324687,BL343059
BL105980,BL109926,BL198335,BL055917,BL122640,BL235003,BL202268,BL236984,BL245332,BL243413,BL238555,BL236007,BL255241,BL243298,BL282856,BL298137,BL298518,BL296173,BL319691,BL343060
BL179037,BL106540,BL199825,BL078201,BL124880,BL235005,BL201089,BL231888,BL235531,BL246359,BL240807,BL235474,BL255284,BL248205,BL281393,BL291303,BL301560,BL321651,BL300596,BL344353
BL118200,BL112344,BL213510,BL049152,BL118200,BL235001,BL198335,BL240488,BL240753,BL243401,BL239854,BL235531,BL258313,BL256630,BL295461,BL292293,BL298137,BL321673,BL315334,BL344372
BL118671,BL105168,BL213789,BL086576,BL126464,BL235438,BL178125,BL235079,BL238050,BL244829,BL242204,BL213902,BL265203,BL261982,BL292721,BL296934,BL299971,BL320284,BL308954,BL344501
BL132515,BL115999,BL213366,BL144437,BL127514,BL227160,BL224978,BL231749,BL235474,BL242125,BL243427,BL201089,BL263658,BL256294,BL293839,BL300812,BL300612,BL315654,BL311009,BL325643
BL166932,BL114892,BL186144,BL158286,BL121913,BL231749,BL199124,BL236354,BL238034,BL194359,BL243923,BL219937,BL264554,BL257815,BL293381,BL298052,BL300608,BL320194,BL309070,BL262450
BL180772,BL115963,BL213567,BL159729,BL124059,BL235410,BL222016,BL240380,BL237265,BL235540,BL235540,BL224167,BL264572,BL254713,BL293840,BL299490,BL300596,BL292069,BL320284,BL257815
BL107477,BL116455,BL198369,BL165615,BL115177,BL231159,BL224479,BL240392,BL243094,BL231646,BL235542,BL225447,BL267174,BL255284,BL294352,BL299117,BL297911,BL295461,BL324679,BL258203
BL126708,BL098910,BL185702,BL159612,BL110843,BL234979,BL221093,BL237644,BL243045,BL228717,BL214765,BL222292,BL263233,BL256111,BL295940,BL268829,BL291377,BL294485,BL321651,BL258305
BL126718,BL100855,BL201504,BL139613,BL112344,BL230559,BL222750,BL235667,BL240176,BL231749,BL221885,BL214765,BL265827,BL255912,BL289775,BL309430,BL281227,BL284253,BL284165,BL258313
BL124603,BL098004,BL201508,BL172037,BL107829,BL235839,BL219937,BL243649,BL245412,BL234979,BL219937,BL221394,BL263923,BL256472,BL294010,BL309413,BL276648,BL284931,BL292069,BL258361
BL124773,BL095780,BL201068,BL137095,BL100568,BL227762,BL213902,BL237650,BL241524,BL230531,BL225659,BL174967,BL262947,BL256771,BL291417,BL300612,BL276610,BL288785,BL294485,BL278129
BL173193,BL093267,BL200452,BL172183,BL099828,BL231142,BL221394,BL243779,BL242607,BL201089,BL226478,BL221885,BL265252,BL258569,BL288292,BL300596,BL221885,BL285328,BL295514,BL278225
BL124813,BL100838,BL193586,BL168280,BL106540,BL227109,BL214863,BL242848,BL240729,BL214765,BL226994,BL226994,BL258203,BL265203,BL282872,BL300608,BL284815,BL282828,BL282871,BL280251
BL137828,BL101755,BL193613,BL174456,BL078201,BL230531,BL192493,BL238362,BL237313,BL225659,BL230354,BL224671,BL256304,BL267174,BL285458,BL297911,BL284931,BL282856,BL282856,BL268493
BL124272,BL092944,BL198679,BL166181,BL049152,BL227760,BL176024,BL231646,BL240745,BL230354,BL231646,BL239798,BL254415,BL264572,BL283540,BL292894,BL276960,BL283894,BL283894,BL268525
BL172861,BL099078,BL213902,BL172922,BL086576,BL226273,BL177299,BL100838,BL236367,BL226478,BL228717,BL237313,BL256250,BL263923,BL298518,BL291377,BL311530,BL285607,BL282828,BL268721
BL173220,BL099300,BL219074,BL158726,BL139613,BL235421,BL171146,BL101755,BL238078,BL228280,BL231749,BL241299,BL258581,BL264562,BL298137,BL282346,BL311756,BL284815,BL284931,BL268829
BL137789,BL096707,BL201239,BL170307,BL171983,BL228181,BL166475,BL115963,BL238574,BL228609,BL228262,BL238555,BL256771,BL262947,BL292293,BL277400,BL282719,BL284165,BL295461,BL268909
BL124880,BL099828,BL199124,BL171393,BL172104,BL228825,BL172104,BL125732,BL235284,BL224167,BL224479,BL235079,BL256472,BL263233,BL291303,BL285328,BL282786,BL281393,BL285458,BL268988
BL123901,BL095797,BL201072,BL165804,BL168280,BL227175,BL162849,BL122712,BL238753,BL224479,BL172297,BL235088,BL255285,BL263658,BL298052,BL221394,BL285458,BL285458,BL283512,BL269077
BL141196,BL091278,BL201076,BL171317,BL144184,BL193613,BL168031,BL126708,BL238528,BL222469,BL174967,BL243427,BL258569,BL251813,BL300812,BL221093,BL283223,BL285485,BL285485,BL269186
BL127231,BL099899,BL200990,BL172104,BL144437,BL195365,BL182835,BL118318,BL237938,BL174967,BL225447,BL243887,BL267016,BL254693,BL299530,BL284815,BL285485,BL294352,BL294352,BL269238
BL127514,BL095588,BL177299,BL171983,BL161328,BL199825,BL187176,BL118169,BL238281,BL172297,BL185999,BL241029,BL269515,BL256304,BL298746,BL276900,BL298746,BL283512,BL283048,BL269519
BL124258,BL096577,BL172999,BL159503,BL158726,BL182831,BL178737,BL117463,BL241299,BL172350,BL235667,BL244143,BL267552,BL256296,BL291377,BL276648,BL292293,BL283048,BL268313,BL269547
BL169529,BL097957,BL185070,BL141196,BL174456,BL200939,BL172496,BL215247,BL241337,BL181844,BL231470,BL249221,BL268493,BL258203,BL276610,BL283048,BL296934,BL267174,BL266251,BL269624
BL172999,BL083751,BL171039,BL130842,BL172183,BL213417,BL193275,BL224761,BL240639,BL178737,BL215247,BL252450,BL264763,BL256250,BL282719,BL283330,BL299490,BL264572,BL265827,BL269673
BL127593,BL086576,BL169529,BL135323,BL170307,BL185339,BL193850,BL222469,BL239798,BL235284,BL235775,BL242607,BL268829,BL258043,BL280251,BL285059,BL299530,BL264562,BL262947,BL269818
BL172922,BL105980,BL530182,BL162849,BL172278,BL185332,BL214765,BL225988,BL242376,BL235684,BL234871,BL248414,BL269818,BL266977,BL285328,BL282786,BL301737,BL268313,BL267931,BL269923
BL115177,BL122457,BL174011,BL172999,BL171317,BL193850,BL220860,BL221394,BL240542,BL235667,BL235596,BL249064,BL269805,BL268493,BL297911,BL285458,BL309413,BL268829,BL264262,BL270111
BL182414,BL123902,BL173220,BL171550,BL172748,BL178125,BL180772,BL158726,BL240488,BL235775,BL236141,BL251803,BL264762,BL271396,BL221885,BL298746,BL309430,BL262947,BL268375,BL270456
BL124514,BL123045,BL213349,BL167117,BL165804,BL200551,BL181844,BL137959,BL238555,BL235596,BL237116,BL249938,BL269822,BL268187,BL221093,BL299530,BL308954,BL266251,BL268829,BL270579
BL124533,BL132103,BL213917,BL172318,BL171393,BL193129,BL189502,BL137961,BL243923,BL234983,BL237399,BL249131,BL268695,BL269824,BL214824,BL301737,BL315654,BL267169,BL264572,BL271061
BL127513,BL123901,BL201089,BL166475,BL159503,BL185999,BL185700,BL166475,BL242924,BL235595,BL234908,BL249185,BL269464,BL269782,BL277689,BL311530,BL309070,BL283223,BL284253,BL276826
BL124892,BL134368,BL199137,BL166932,BL141196,BL222016,BL166932,BL220471,BL246354,BL234871,BL234979,BL249434,BL267819,BL269518,BL285266,BL309070,BL317226,BL295514,BL283223,BL282346
BL181418,BL107477,BL199025,BL172861,BL172350,BL221093,BL231026,BL222750,BL242204,BL235818,BL235595,BL250867,BL265955,BL265415,BL277400,BL310348,BL310348,BL272736,BL265742,BL308954
BL172496,BL118671,BL201183,BL170403,BL171718,BL199124,BL220471,BL227262,BL243401,BL240753,BL222750,BL251802,BL268721,BL267552,BL276900,BL315654,BL327259,BL265142,BL274402,BL309070
BL135295,BL122582,BL219243,BL173493,BL162849,BL214824,BL225447,BL202268,BL245055,BL236579,BL222292,BL253099,BL249064,BL269822,BL279790,BL311626,BL319181,BL268201,BL270111,BL297911
BL135323,BL126161,BL111757,BL166120,BL172922,BL214863,BL225996,BL224167,BL193129,BL238122,BL228280,BL249193,BL249131,BL267931,BL276648,BL316132,BL311235,BL269077,BL328496,BL310425
BL123144,BL125044,BL101955,BL172278,BL166932,BL222750,BL231646,BL199124,BL235158,BL235542,BL228609,BL244467,BL249938,BL269818,BL279056,BL311390,BL315334,BL270456,BL328081,BL310473
BL134368,BL122640,BL092944,BL172296,BL172297,BL225029,BL228097,BL226478,BL234979,BL222750,BL240380,BL246641,BL251616,BL268514,BL283512,BL310475,BL321917,BL329793,BL329025,BL311009
BL135296,BL121633,BL100413,BL172297,BL173493,BL221394,BL225988,BL224235,BL230531,BL219937,BL240488,BL249838,BL265742,BL267016,BL282154,BL315334,BL320039,BL328506,BL329514,BL311032
BL141085,BL129202,BL095780,BL175646,BL166475,BL213917,BL224761,BL228427,BL235540,BL228262,BL239798,BL252451,BL265748,BL264630,BL283330,BL311235,BL318401,BL328521,BL328400,BL311235
BL136812,BL124059,BL096707,BL172350,BL171739,BL215247,BL228623,BL224479,BL221885,BL237399,BL240392,BL258203,BL267827,BL266024,BL283894,BL265469,BL319085,BL328081,BL328802,BL311390
BL530182,BL121714,BL093424,BL171718,BL167117,BL202268,BL225728,BL220860,BL227262,BL237415,BL234906,BL256630,BL264630,BL268721,BL282786,BL268529,BL322048,BL328400,BL329410,BL311530
BL137095,BL124258,BL100568,BL171739,BL172861,BL201076,BL227258,BL221929,BL224235,BL241299,BL235818,BL256304,BL267859,BL270353,BL266977,BL265252,BL318308,BL328865,BL329554,BL311756
BL167117,BL129346,BL107829,BL172496,BL171550,BL199547,BL227262,BL214765,BL222469,BL240380,BL236007,BL256294,BL265961,BL265955,BL269186,BL265827,BL321912,BL329934,BL328666,BL312030
BL159503,BL126464,BL095797,BL171039,BL172296,BL200693,BL219074,BL185332,BL228262,BL240392,BL243045,BL257672,BL268375,BL249938,BL266039,BL268525,BL323559,BL329992,BL329091,BL312818
BL168280,BL129379,BL102070,BL174775,BL172318,BL193563,BL225659,BL199825,BL231749,BL237116,BL243298,BL256669,BL266676,BL249935,BL267552,BL311756,BL316906,BL329554,BL329515,BL298746
BL091278,BL121825,BL109926,BL169529,BL170403,BL193275,BL230873,BL214863,BL228280,BL240807,BL248073,BL252667,BL263112,BL249678,BL265469,BL312030,BL311390,BL329093,BL329031,BL321515
BL126464,BL131645,BL117204,BL174773,BL171139,BL174967,BL241299,BL222206,BL224479,BL234906,BL246359,BL256136,BL264833,BL251721,BL265827,BL310425,BL315984,BL328151,BL328502,BL321673
BL126504,BL126064,BL083751,BL172547,BL172547,BL185024,BL240956,BL219937,BL174967,BL236007,BL238753,BL255241,BL260471,BL268375,BL258361,BL309165,BL316584,BL329031,BL329093,BL321912
BL091833,BL124272,BL093319,BL173847,BL171146,BL187176,BL235775,BL214824,BL172350,BL234908,BL243297,BL254707,BL261839,BL268695,BL258203,BL311032,BL319310,BL329025,BL330645,BL321917
BL114892,BL122712,BL086576,BL185332,BL174775,BL173772,BL244469,BL235937,BL198335,BL243649,BL254501,BL258570,BL264270,BL267859,BL256136,BL256794,BL320420,BL330645,BL328625,BL322048
BL106540,BL117008,BL093267,BL182831,BL172496,BL181844,BL236803,BL224543,BL224167,BL244553,BL250867,BL255912,BL264277,BL265961,BL256669,BL258203,BL324896,BL330619,BL328613,BL255285
BL140384,BL121990,BL098814,BL177299,BL174773,BL171146,BL242700,BL231142,BL225447,BL245332,BL254788,BL258569,BL254693,BL269082,BL255714,BL257815,BL321515,BL329091,BL329024,BL323453
BL123902,BL118318,BL092676,BL180772,BL178149,BL162849,BL240542,BL225447,BL231470,BL240729,BL251802,BL255285,BL256136,BL267819,BL256304,BL262804,BL266977,BL309070,BL293840,BL255714
BL181844,BL124603,BL098910,BL193563,BL177605,BL167117,BL240766,BL236007,BL230896,BL243295,BL256132,BL265142,BL252700,BL267827,BL268576,BL266977,BL268375,BL299028,BL296173,BL255912
BL124059,BL180772,BL101469,BL178149,BL182831,BL172104,BL237650,BL236000,BL235001,BL242848,BL251721,BL266406,BL254713,BL264262,BL268529,BL269673,BL265827,BL293840,BL328865,BL262593
BL182831,BL184611,BL092761,BL173772,BL182835,BL171550,BL239783,BL231026,BL202268,BL248073,BL250043,BL262937,BL255912,BL265742,BL268375,BL271576,BL268525,BL294140,BL329409,BL262947
BL137396,BL185668,BL118506,BL177605,BL193563,BL166475,BL236826,BL221093,BL199124,BL239854,BL248414,BL263658,BL265469,BL265748,BL268909,BL269186,BL310425,BL329409,BL299028,BL263096
BL171550,BL193129,BL100838,BL185339,BL173772,BL185700,BL235815,BL226994,BL235765,BL238260,BL243518,BL262947,BL264030,BL265252,BL268829,BL268375,BL311009,BL330224,BL330224,BL264269
BL171718,BL184617,BL112344,BL171139,BL171039,BL182835,BL242376,BL231131,BL235595,BL240639,BL246641,BL261968,BL262812,BL266676,BL267931,BL272620,BL311032,BL329265,BL329265,BL264270
BL171139,BL184667,BL098526,BL171146,BL169529,BL189502,BL240753,BL235196,BL234871,BL241029,BL249678,BL264262,BL262110,BL262488,BL271576,BL268187,BL309165,BL328790,BL329701,BL264277
BL171146,BL193586,BL106540,BL177676,BL174967,BL172748,BL237644,BL193563,BL235818,BL238918,BL249393,BL260792,BL250043,BL262804,BL243518,BL268576,BL322278,BL328802,BL328506,BL264562
BL139029,BL185767,BL117389,BL185719,BL180772,BL102070,BL235765,BL228280,BL234983,BL244046,BL249434,BL257554,BL252667,BL264030,BL262110,BL269923,BL320897,BL331102,BL329002,BL264572
BL185332,BL195365,BL099828,BL185767,BL185700,BL172496,BL235158,BL224217,BL235775,BL226994,BL252667,BL256472,BL252657,BL258305,BL262593,BL243518,BL319691,BL328496,BL338406,BL264630
BL185668,BL193613,BL123241,BL195729,BL185719,BL178637,BL236095,BL213902,BL235596,BL249185,BL254693,BL256771,BL251802,BL256136,BL263658,BL262593,BL319690,BL329182,BL331456,BL264940
BL128933,BL171718,BL124813,BL176024,BL181418,BL194448,BL235129,BL224285,BL235196,BL251692,BL254707,BL258313,BL255496,BL257124,BL261982,BL262110,BL320479,BL328625,BL329184,BL265142
BL185767,BL185999,BL126718,BL173220,BL195729,BL201089,BL237649,BL228262,BL240766,BL251843,BL255241,BL254788,BL264384,BL255285,BL262268,BL267931,BL320421,BL328613,BL329182,BL265252
BL165615,BL174775,BL135323,BL178737,BL196354,BL221396,BL238964,BL232272,BL236141,BL254788,BL254415,BL254415,BL264386,BL256132,BL260471,BL269238,BL312030,BL329900,BL329992,BL271539
BL171317,BL178125,BL121714,BL181844,BL174602,BL213667,BL237265,BL230896,BL236579,BL252657,BL243779,BL255284,BL261887,BL255241,BL258569,BL265493,BL318776,BL329930,BL328151,BL272312
BL171393,BL172547,BL117463,BL178510,BL173220,BL223778,BL235318,BL221885,BL238122,BL252667,BL241029,BL258581,BL258040,BL264833,BL270251,BL268909,BL321651,BL328162,BL329900,BL272504
BL139253,BL177299,BL123144,BL174967,BL193564,BL198335,BL241467,BL224082,BL240380,BL255384,BL242607,BL266977,BL262450,BL263112,BL269547,BL268721,BL321673,BL328502,BL329930,BL272558
BL172278,BL186031,BL122781,BL193586,BL185332,BL220860,BL241451,BL228097,BL236143,BL250867,BL244467,BL269515,BL257815,BL264269,BL269822,BL269547,BL268829,BL329002,BL328521,BL272620
BL177608,BL174011,BL130448,BL185700,BL178737,BL173493,BL243923,BL227258,BL234906,BL250043,BL244067,BL267552,BL261982,BL265469,BL270296,BL270296,BL324679,BL328666,BL330619,BL272654
BL165804,BL186144,BL126064,BL180603,BL193613,BL180772,BL244067,BL198335,BL235542,BL249288,BL249938,BL268493,BL266406,BL263445,BL269824,BL267552,BL321283,BL330021,BL329934,BL272736
BL172037,BL176024,BL124533,BL181418,BL185339,BL176024,BL236143,BL213667,BL222206,BL249813,BL251813,BL269818,BL262268,BL262812,BL270111,BL268201,BL320284,BL329184,BL328162,BL273240
BL129786,BL171739,BL116118,BL178637,BL177299,BL177299,BL239692,BL200551,BL220471,BL248414,BL249221,BL267906,BL266251,BL264277,BL273240,BL266039,BL324687,BL329204,BL331102,BL274107
BL175646,BL049152,BL115963,BL175124,BL175124,BL171317,BL236314,BL225996,BL225996,BL249678,BL249939,BL268187,BL264940,BL255496,BL265252,BL267016,BL267552,BL329183,BL330764,BL274109
BL171983,BL178510,BL130842,BL193613,BL187176,BL224761,BL240639,BL193613,BL224671,BL253959,BL249185,BL269824,BL263445,BL252657,BL268525,BL268988,BL321238,BL330764,BL330150,BL318308
BL129549,BL185024,BL123901,BL193564,BL181844,BL225659,BL235160,BL127514,BL231646,BL251803,BL248517,BL271396,BL263522,BL249185,BL269673,BL270253,BL321113,BL241337,BL329204,BL318401
BL172104,BL177676,BL123902,BL187176,BL189502,BL224167,BL234908,BL134368,BL228717,BL249393,BL249193,BL267016,BL265493,BL250043,BL267016,BL270456,BL311626,BL298137,BL335528,BL318776
BL175124,BL192551,BL127513,BL185999,BL178637,BL220471,BL236132,BL173772,BL225659,BL249193,BL249813,BL269780,BL262837,BL251802,BL268187,BL269518,BL310473,BL311235,BL239710,BL319085
BL185719,BL193916,BL131645,BL178888,BL185999,BL228623,BL236674,BL122781,BL230354,BL249221,BL251568,BL265415,BL262593,BL264386,BL265493,BL272312,BL310475,BL329514,BL310473,BL319181
BL139622,BL172278,BL144184,BL177955,BL186144,BL231026,BL235684,BL126064,BL228609,BL251813,BL251803,BL267905,BL255501,BL264940,BL272654,BL272654,BL257815,BL329515,BL824236,BL319310
BL144437,BL174602,BL137095,BL189502,BL176024,BL226963,BL236101,BL129346,BL237116,BL250183,BL244847,BL264763,BL257124,BL256669,BL269782,BL272284,BL256669,BL824236,BL258305,BL319690
BL172318,BL173772,BL127514,BL196354,BL192481,BL229217,BL238260,BL126718,BL236826,BL249939,BL244829,BL268514,BL256111,BL263002,BL269515,BL269519,BL269673,BL240745,BL256630,BL319691
BL129346,BL171550,BL127593,BL182330,BL192493,BL225988,BL236427,BL132673,BL240392,BL256669,BL248205,BL269805,BL250103,BL262450,BL272312,BL269805,BL269923,BL243518,BL262268,BL320039
BL144184,BL172297,BL159612,BL182414,BL194359,BL230328,BL234896,BL121913,BL239532,BL252081,BL243413,BL269782,BL249813,BL262268,BL269238,BL270279,BL265469,BL262268,BL256250,BL320194
BL172276,BL175646,BL110843,BL174602,BL213572,BL225996,BL238849,BL130220,BL240807,BL254693,BL253099,BL264762,BL272504,BL265827,BL271621,BL269782,BL266039,BL256630,BL250867,BL329681
BL172297,BL172370,BL122582,BL171744,BL192683,BL224775,BL236367,BL117008,BL237399,BL255419,BL251616,BL269470,BL277689,BL266406,BL272284,BL269515,BL268576,BL249678,BL301737,BL320284
BL177955,BL177967,BL122640,BL192483,BL177955,BL227258,BL236099,BL117389,BL236007,BL244467,BL251692,BL265955,BL284815,BL264384,BL268988,BL269818,BL269082,BL250103,BL262804,BL320288
BL185999,BL173193,BL109181,BL194359,BL192483,BL227275,BL238253,BL116463,BL235667,BL242547,BL250103,BL269077,BL282154,BL261839,BL268695,BL269824,BL267931,BL244847,BL270279,BL329793
BL129202,BL172350,BL115808,BL190239,BL178069,BL222292,BL236071,BL127231,BL234908,BL244067,BL249838,BL268721,BL277177,BL265493,BL270279,BL264940,BL268187,BL244046,BL267819,BL338865
BL174775,BL173220,BL124272,BL201762,BL213666,BL228403,BL235196,BL123733,BL235839,BL243298,BL254454,BL269082,BL283512,BL262837,BL269518,BL268514,BL268201,BL263923,BL266039,BL339093
BL174967,BL174773,BL118041,BL197421,BL213667,BL227262,BL241337,BL125044,BL235684,BL242607,BL256669,BL265961,BL276900,BL263522,BL269805,BL249221,BL269238,BL264386,BL268201,BL329934
BL175683,BL181261,BL158726,BL184611,BL220833,BL230873,BL237522,BL168031,BL236674,BL249938,BL260792,BL266024,BL272284,BL262593,BL269818,BL244143,BL240639,BL269673,BL271539,BL252667
BL171739,BL172496,BL126464,BL222750,BL182414,BL237452,BL238075,BL170307,BL236995,BL248622,BL256304,BL251692,BL273705,BL260471,BL268721,BL254713,BL243518,BL266024,BL269673,BL235474
BL129379,BL172318,BL137959,BL201815,BL198335,BL239235,BL235596,BL172350,BL243295,BL248517,BL258570,BL249939,BL276960,BL266251,BL271396,BL256771,BL262268,BL262804,BL268721,BL235542
BL177299,BL179037,BL129672,BL192484,BL192484,BL237650,BL238753,BL176024,BL242125,BL246641,BL255501,BL249393,BL274402,BL261887,BL269519,BL257672,BL261982,BL270279,BL267016,BL235667
BL139613,BL181418,BL125044,BL186144,BL182446,BL234896,BL236282,BL185999,BL248073,BL251568,BL258043,BL251616,BL278225,BL252667,BL269082,BL256111,BL265493,BL268187,BL271061,BL237452
BL176024,BL178149,BL137789,BL198335,BL221799,BL236143,BL236293,BL169529,BL246359,BL250103,BL262964,BL267859,BL281230,BL255501,BL249221,BL255912,BL271576,BL263622,BL276900,BL243413
BL165227,BL182414,BL121913,BL213572,BL197421,BL237313,BL235149,BL171139,BL244143,BL249838,BL258305,BL268695,BL283540,BL250103,BL258040,BL256294,BL269547,BL269818,BL269923,BL243518
BL128309,BL170550,BL137828,BL192683,BL213787,BL230325,BL236647,BL171146,BL241024,BL249064,BL258313,BL265315,BL282786,BL252803,BL256250,BL256132,BL273240,BL267016,BL273240,BL243812
BL174773,BL170403,BL124892,BL192481,BL221806,BL236071,BL238122,BL171039,BL240956,BL242204,BL263002,BL268375,BL283140,BL251616,BL255501,BL256296,BL269186,BL273240,BL311235,BL243923
BL173493,BL168280,BL159503,BL220833,BL198824,BL234871,BL230888,BL172104,BL239854,BL243427,BL258040,BL264554,BL271621,BL249813,BL254693,BL256304,BL267016,BL265252,BL300612,BL265742
BL170403,BL172922,BL134368,BL221799,BL185024,BL238849,BL236283,BL172183,BL238253,BL244847,BL264408,BL264630,BL272169,BL281227,BL256771,BL256669,BL265252,BL268721,BL311390,BL265827
BL174075,BL178637,BL165227,BL220860,BL221885,BL239532,BL238050,BL162849,BL239692,BL242924,BL265252,BL265038,BL270296,BL284815,BL255284,BL258043,BL272654,BL276900,BL311756,BL266024
BL170550,BL172861,BL139622,BL178069,BL222750,BL236427,BL230313,BL168280,BL244469,BL244143,BL262268,BL265203,BL274101,BL277689,BL256794,BL255285,BL272312,BL269238,BL319310,BL266039
BL125044,BL142630,BL130220,BL221806,BL184617,BL235318,BL238078,BL187176,BL226478,BL251721,BL258203,BL263923,BL272736,BL282449,BL256630,BL255284,BL270251,BL310425,BL320039,BL266045
BL142630,BL136077,BL139029,BL202268,BL193275,BL236141,BL240807,BL182831,BL249185,BL254501,BL256771,BL264572,BL271061,BL275384,BL257815,BL256630,BL270456,BL300612,BL321515,BL240392
BL174011,BL185719,BL124059,BL185024,BL226987,BL237649,BL242695,BL178737,BL250103,BL254454,BL257542,BL267174,BL270279,BL272284,BL256296,BL255501,BL269515,BL315334,BL322278,BL240639
BL184667,BL530182,BL112803,BL221885,BL226994,BL235166,BL239586,BL171317,BL251568,BL249434,BL260471,BL265742,BL272630,BL277509,BL256132,BL248517,BL269782,BL300596,BL311626,BL262268
BL173847,BL192580,BL108583,BL198369,BL222016,BL235595,BL241524,BL172496,BL249938,BL251616,BL257815,BL265748,BL268255,BL276960,BL255912,BL249935,BL269518,BL320039,BL316906,BL284165
BL170307,BL188182,BL118671,BL184617,BL221932,BL236314,BL242468,BL172547,BL249772,BL251846,BL256111,BL266676,BL282871,BL272312,BL256111,BL263658,BL270279,BL311626,BL311530,BL284253
BL185070,BL192786,BL122457,BL213666,BL195315,BL238183,BL236441,BL166932,BL254501,BL253099,BL258581,BL265252,BL282872,BL275777,BL257672,BL260471,BL268988,BL319310,BL301560,BL284815
BL173772,BL185332,BL118741,BL178125,BL178125,BL235284,BL239798,BL172297,BL254795,BL243518,BL258875,BL265493,BL282346,BL274402,BL256294,BL261982,BL268721,BL301560,BL298137,BL284931
BL184611,BL189502,BL116455,BL213789,BL213902,BL236101,BL236141,BL172296,BL251721,BL254415,BL256103,BL264003,BL272312,BL281230,BL255285,BL258569,BL270111,BL322278,BL258361,BL285328
BL137959,BL192683,BL116463,BL213902,BL202268,BL236354,BL238362,BL172318,BL254788,BL256374,BL258569,BL264833,BL276610,BL283150,BL254713,BL263096,BL269519,BL321515,BL256304,BL285458
BL137961,BL185070,BL125435,BL195365,BL213917,BL238918,BL244123,BL141196,BL249131,BL252317,BL261968,BL264030,BL279673,BL282786,BL258043,BL262837,BL269818,BL316906,BL256794,BL295940
BL174602,BL185270,BL136077,BL221881,BL228019,BL236099,BL237313,BL142630,BL243518,BL257455,BL265415,BL262110,BL278129,BL270279,BL248517,BL258305,BL249221,BL311530,BL263002,BL296173
BL129672,BL189506,BL140107,BL193129,BL199025,BL234908,BL244553,BL131645,BL250043,BL254795,BL264277,BL260439,BL277509,BL271080,BL258305,BL249938,BL255501,BL310473,BL269519,BL296934
BL166120,BL172999,BL159729,BL195315,BL195365,BL238281,BL235667,BL246354,BL249434,BL254707,BL268187,BL261839,BL275777,BL271061,BL257455,BL252657,BL256250,BL311390,BL268909,BL309430
BL178510,BL177955,BL165615,BL199137,BL226963,BL235196,BL238958,BL243298,BL249939,BL252450,BL267859,BL256132,BL281227,BL270296,BL263096,BL250867,BL254713,BL254713,BL255241,BL310348
,BL127514,BL166541,BL201761,BL223778,BL236095,BL240745,BL250103,BL250183,BL256177,BL264572,BL254693,BL285458,BL274101,BL262837,BL255714,BL258043,BL258361,BL256132,BL299028
,BL137959,BL168280,BL213917,BL202738,BL236367,BL240729,BL248622,BL249974,BL256304,BL264554,BL257542,BL283048,BL274107,BL250867,BL257455,BL256294,BL256794,BL255284,BL299117
,BL175124,BL132515,BL221153,BL221370,BL230739,BL238281,BL242615,BL252700,BL258570,BL263923,BL254713,BL273704,BL272187,BL252657,BL252667,BL258361,BL264630,BL255912,BL299530
,BL181844,BL144437,BL200452,BL228181,BL230857,BL234871,BL249393,BL256177,BL256103,BL268829,BL252700,BL277057,BL272736,BL252667,BL264562,BL256630,BL264277,BL257815,BL299971
,BL177605,BL078201,BL202717,BL227107,BL232272,BL238918,BL249434,BL252657,BL257614,BL270329,BL264270,BL282449,BL282828,BL263233,BL262450,BL256296,BL268909,BL256294,BL300324
,BL177608,BL049152,BL199025,BL224082,BL230888,BL236354,BL250190,BL255912,BL261887,BL262947,BL262812,BL279559,BL291303,BL263445,BL262090,BL258203,BL269519,BL244467,BL300596
,BL787561,BL055917,BL202738,BL227175,BL236647,BL238183,BL230531,BL254693,BL260792,BL261982,BL262804,BL282856,BL282856,BL261839,BL263233,BL255285,BL269547,BL243779,BL300612
,BL781540,BL126708,BL213787,BL199547,BL237522,BL234906,BL235596,BL256669,BL255496,BL262593,BL264269,BL285067,BL282346,BL262947,BL267174,BL256132,BL258203,BL243812,BL301560
,BL198335,BL124880,BL219074,BL228296,BL230313,BL244046,BL236282,BL257455,BL257124,BL256630,BL263427,BL282828,BL282871,BL268211,BL264572,BL256304,BL256132,BL244847,BL301737
,BL195315,BL118318,BL213349,BL227262,BL238122,BL238982,BL235547,BL252317,BL262964,BL265827,BL262809,BL285607,BL282872,BL268221,BL267169,BL255912,BL256294,BL244143,BL320897
,,BL125991,BL222016,BL213349,BL238034,BL235284,BL238958,BL238918,BL258043,BL261887,BL265469,BL268292,BL273704,BL264572,BL264386,BL256794,BL257815,BL250103,BL321113
,,BL121633,BL200551,BL200693,BL236293,BL239532,BL238281,BL244046,BL262268,BL257554,BL263112,BL269673,BL279673,BL268220,BL265415,BL255284,BL248517,BL262593,BL321238
,,BL129346,BL221394,BL224049,BL230309,BL241004,BL240170,BL244467,BL261982,BL261839,BL250043,BL273240,BL276610,BL264630,BL268255,BL257672,BL243812,BL262837,BL321283
,,BL129379,BL219243,BL229217,BL235158,BL236984,BL238982,BL243297,BL262947,BL256294,BL255496,BL268313,BL278129,BL265742,BL267819,BL249185,BL243779,BL264277,BL321651
,,BL117008,BL200990,BL224161,BL236283,BL241024,BL236826,BL244553,BL258313,BL252657,BL252657,BL268576,BL282154,BL267174,BL265961,BL252803,BL244143,BL264562,BL322278
,,BL124773,BL223086,BL200452,BL235596,BL239964,BL235001,BL241451,BL256771,BL255912,BL263194,BL269624,BL285458,BL265748,BL264277,BL249193,BL251721,BL264630,BL254713
,,BL115177,BL198824,BL228097,BL238727,BL242848,BL235003,BL244067,BL255501,BL252700,BL264384,BL270193,BL277717,BL267859,BL267827,BL263096,BL262593,BL268525,BL255241
,,,BL221932,BL200551,BL235149,BL238559,BL178125,BL241668,BL256250,BL252450,BL264940,BL268909,BL283048,BL265415,BL264270,BL263658,BL268375,BL268988,BL255284
,,,BL193275,BL228200,BL238075,BL238528,BL173220,BL249678,BL256779,BL252451,BL264408,BL249678,BL272504,BL268255,BL264833,BL258313,BL267931,BL263622,BL267016
,,,BL222234,BL227109,BL235129,BL244829,BL174967,BL253959,BL256507,BL256472,BL261887,BL250867,BL283540,BL264277,BL268211,BL262837,BL264262,BL264386,BL267174
,,,BL222566,BL221396,BL238078,BL235818,BL194359,BL251813,BL257823,BL255284,BL263527,BL248414,BL277177,BL265142,BL268220,BL260471,BL264269,BL265493,BL267819
,,,BL199124,BL213417,BL235818,BL239235,BL180772,BL249393,BL256508,BL255711,BL266251,BL249434,BL292721,BL264270,BL266251,BL264030,BL265469,BL263923,BL267827
,,,BL213417,BL220860,BL237265,BL244847,BL194448,BL251803,BL258569,BL265315,BL262837,BL269824,BL273705,BL264262,BL268221,BL255714,BL268988,BL266024,BL267931
,,,BL213567,BL221881,BL236441,BL241668,BL189502,BL249221,BL258581,BL264771,BL263002,BL268187,BL278225,BL266676,BL264262,BL258305,BL265493,BL269624,BL268187
,,,BL221396,BL193129,BL237644,BL237757,BL185700,BL248622,BL256111,BL266406,BL257815,BL267931,BL291377,BL264833,BL264630,BL262812,BL269624,BL262450,BL268201
,,,BL224167,BL221153,BL237757,BL238555,BL222292,BL249838,BL258875,BL264262,BL262488,BL268211,BL292894,BL267169,BL262947,BL252657,BL264384,BL256669,BL268220
,,,,BL224072,BL235765,BL241029,BL193275,BL246641,BL258292,BL262110,BL261982,BL271396,BL279559,BL266251,BL266676,BL252667,BL268525,BL262812,BL268221
,,,,BL227160,BL235775,BL239922,BL192484,BL248517,BL257620,BL265955,BL262268,BL269519,BL285067,BL268313,BL266406,BL262450,BL265955,BL268292,BL268223
,,,,BL227514,BL236803,BL236995,BL201089,BL244847,BL258853,BL266024,BL265827,BL269518,BL285607,BL265203,BL265742,BL267169,BL256250,BL267169,BL268292
,,,,BL230873,BL236826,BL221396,BL193129,BL248205,BL256472,BL264270,BL264386,BL268514,BL293381,BL266024,BL266024,BL268221,BL256669,BL267174,BL268313
,,,,BL230888,BL235815,BL214824,BL181844,BL243427,BL263194,BL262812,BL258043,BL269238,BL268292,BL267819,BL268292,BL264572,BL265827,BL263096,BL248205
,,,,BL226922,BL238253,BL213667,BL136736,BL249064,BL264572,BL264833,BL264929,BL258361,BL268988,BL268493,BL268493,BL268211,BL268292,BL263445,BL248517
,,,,BL199124,BL236132,BL221885,BL239783,BL243117,BL265493,BL263096,BL264344,BL257455,BL268313,BL264940,BL269082,BL268220,BL264270,BL264269,BL249185
,,,,BL214765,BL234906,BL222292,BL250079,BL245012,BL262593,BL263112,BL263522,BL257672,BL272620,BL262804,BL263002,BL265961,BL263002,BL264270,BL249221
,,,,BL227275,BL239586,BL230896,BL249288,BL242098,BL262937,BL265961,BL262593,BL258570,BL268576,BL263002,BL262812,BL264270,BL263445,BL264940,BL249434
,,,,BL222239,BL236674,BL230354,BL249678,BL250867,BL258305,BL266023,BL263445,BL255714,BL271576,BL262809,BL258361,BL268255,BL264940,BL281230,BL249678
,,,,BL222459,BL235684,BL221929,BL246641,BL254454,BL256630,BL262488,BL260471,BL269186,BL276900,BL262812,BL262809,BL265955,BL274101,BL283316,BL249838
,,,,BL201076,BL238260,BL226994,BL250867,BL251692,BL258040,BL264929,BL256111,BL270353,BL277400,BL242468,BL244847,BL267819,BL280251,BL276826,BL249938
,,,,BL221394,BL236995,BL239854,BL248073,BL251846,BL256511,BL263522,BL255501,BL266024,BL251803,BL252803,BL249434,BL267827,BL283316,BL282786,BL250103
,,,,BL214824,BL238559,BL240176,BL245012,BL251616,BL261839,BL267552,BL257124,BL265415,BL270456,BL249938,BL252803,BL264277,BL274107,BL285328,BL256630
,,,,BL214863,BL238528,BL242019,BL245055,BL253099,BL257554,BL264940,BL251568,BL266977,BL269238,BL249193,BL249193,BL265742,BL276826,BL284815,BL256669
,,,,BL228403,BL238574,BL530182,BL251721,BL251843,BL258203,BL255285,BL249813,BL269082,BL269515,BL249434,BL249678,BL265415,BL285266,BL282346,BL256794
,,,,BL215247,BL220828,BL243518,BL245010,BL250079,BL256294,BL270353,BL250103,BL269782,BL266039,BL258313,BL235542,BL264833,BL282346,BL299530,BL279790
,,,,,BL214765,BL243401,BL246359,BL252081,BL251802,BL268292,BL277632,BL264262,BL270111,BL264030,BL258313,BL265142,BL311009,BL309413,BL276610
,,,,,BL213902,BL243779,BL242607,BL256186,BL255912,BL268211,BL278420,BL266039,BL269805,BL262090,BL262268,BL264262,BL297911,BL309430,BL281230
,,,,,BL225419,BL243649,BL251803,BL254707,BL256186,BL268313,BL271889,BL270111,BL269519,BL263112,BL264030,BL267174,BL295940,BL291377,BL276900
,,,,,BL221885,BL243295,BL244829,BL258570,BL252451,BL263658,BL272284,BL270456,BL201089,BL277509,BL263445,BL264630,BL293381,BL295940,BL276960
,,,,,BL221929,BL243298,BL243297,BL258279,BL252700,BL264344,BL277509,BL268220,BL257672,BL270353,BL270353,BL266251,BL291377,BL294854,BL277057
,,,,,BL224235,BL243117,BL530182,BL256111,BL255711,BL266676,BL273705,BL267169,BL257455,BL272187,BL272187,BL268493,BL282871,BL299971,BL282786
,,,,,BL227514,BL243205,BL250043,BL257614,BL255285,BL264630,BL280344,BL272620,BL258313,BL270579,BL277057,BL268313,BL294854,BL287002,BL282828
,,,,,BL230354,BL242126,BL248517,BL257620,BL262090,BL268909,BL271061,BL274109,BL255714,BL277057,BL271539,BL266024,BL301737,BL293381,BL282856
,,,,,BL230326,BL243427,BL251616,BL256294,BL265315,BL267890,BL271080,BL276826,BL268829,BL271889,BL272555,BL264940,BL299971,BL294010,BL282871
,,,,,BL224255,BL243297,BL244847,BL256304,BL263445,BL264386,BL274101,BL271080,BL269464,BL269624,BL272558,BL262804,BL285059,BL299117,BL283048
,,,,,BL225373,BL240380,BL251692,BL260792,BL262809,BL265038,BL277332,BL272654,BL269186,BL270193,BL271061,BL263002,BL294010,BL288292,BL283223
,,,,,BL226994,BL240392,BL243295,BL255496,BL263096,BL254713,BL272187,BL272187,BL269547,BL271080,BL270579,BL262809,BL288292,BL293839,BL283316
,,,,,BL236984,BL242125,BL251813,BL258313,BL262812,BL269782,BL271621,BL277400,BL272630,BL271061,BL274402,BL241337,BL299117,BL285059,BL283512
,,,,,BL530182,BL242296,BL243205,BL258040,BL265415,BL269186,BL272736,BL262488,BL268255,BL272558,BL279673,BL251616,BL287002,BL274107,BL293381
,,,,,BL237938,BL242204,BL239798,BL258043,BL264833,BL268493,BL276960,BL262809,BL269624,BL272169,BL277689,BL249678,BL293839,BL280251,BL294010
,,,,,,BL238574,BL242468,BL258305,BL263121,BL269673,BL273704,BL263096,BL270193,BL276826,BL277717,BL235542,BL282719,BL274109,BL294352
,,,,,,BL240170,BL249938,BL256508,BL265961,BL272187,BL272312,BL262804,BL267169,BL275777,BL277177,BL262090,BL274109,BL300812,BL294854
,,,,,,BL241177,BL248414,BL257542,BL262110,BL269470,BL276610,BL262090,BL276826,BL274109,BL271889,BL262947,BL282786,BL296934,BL295512
,,,,,,BL237938,BL241337,BL256779,BL263112,BL268988,BL277177,BL264269,BL280251,BL273705,BL279559,BL263445,BL281230,BL311032,BL295514
,,,,,,,BL241451,BL257124,BL263522,BL271539,BL274402,BL263002,BL270251,BL272736,BL274109,BL270579,BL296934,BL297911,BL234871
,,,,,,,BL240729,BL257823,BL264929,BL265748,BL275777,,BL274109,BL273704,BL272736,BL273210,BL311032,BL310348,BL234906
,,,,,,,BL230888,BL256507,BL262488,BL265203,BL281716,,BL264270,BL272504,BL269624,BL271539,BL310348,BL312030,BL234908
,,,,,,,BL200939,BL256771,BL262837,BL269604,BL269624,,BL262809,BL274107,BL273240,BL277057,BL309430,BL254713,BL324896
,,,,,,,BL224978,BL258292,BL264262,BL268010,BL270212,,BL262110,BL279559,BL272504,BL272558,BL300324,BL258313,BL287002
,,,,,,,BL249550,BL258875,BL264277,BL271621,BL268909,,BL263096,BL274101,BL270111,BL272555,BL309413,BL328425,BL275384
,,,,,,,BL252317,BL256630,BL257672,BL268008,BL270253,,BL262090,BL292894,BL269822,BL272187,BL299530,BL329414,BL298137
,,,,,,,BL245332,BL256103,BL263658,BL267016,BL271576,,,,BL274107,BL271080,BL258305,BL320479,BL285059
,,,,,,,BL243518,BL258569,BL264344,BL269082,BL267169,,,,BL274101,BL271889,BL262450,BL322048,BL130836
,,,,,,,BL705651,BL258853,BL264384,BL269519,BL276900,,,,BL275384,BL271061,BL257672,BL329793,BL324687
,,,,,,,,BL256511,BL264386,BL268375,BL254501,,,,BL275777,BL277689,BL258313,BL329428,BL198330
,,,,,,,,BL255419,BL263923,BL269518,BL254454,,,,,BL275384,BL262837,BL329434,BL240745
,,,,,,,,BL252451,BL255241,BL272695,BL248073,,,,,BL275777,BL328425,BL328488,BL267166
,,,,,,,,BL254415,BL254713,BL265742,BL251813,,,,,BL269624,BL321917,BL321673,BL266977
,,,,,,,,BL255285,BL264763,BL266251,BL251721,,,,,BL272736,BL329428,BL320421,BL267169
,,,,,,,,BL255726,BL265742,BL262809,BL249678,,,,,BL272504,BL329434,BL318308,BL182832
,,,,,,,,BL256472,BL265748,BL262450,BL266039,,,,,BL274107,BL328488,BL321238,BL269782
,,,,,,,,BL255714,BL265203,BL258361,BL268517,,,,,BL279559,BL329410,BL319085,BL300812
,,,,,,,,BL255284,BL262450,BL262090,BL266045,,,,,BL274109,BL321912,BL326898,BL311626
,,,,,,,,BL255711,BL263002,BL263445,BL269519,,,,,,BL320421,BL316584,BL342593
,,,,,,,,,BL264408,BL263427,BL269822,,,,,,BL320479,BL321917,BL283894
,,,,,,,,,BL263427,BL264269,BL270456,,,,,,BL324896,BL315984,BL276648
,,,,,,,,,BL264771,BL270296,BL269518,,,,,,BL320420,BL321283,BL294485
,,,,,,,,,BL264269,BL266045,BL258361,,,,,,BL319691,BL329183,BL295461
,,,,,,,,,BL264554,BL262837,BL257455,,,,,,BL316584,BL330021,BL320479
,,,,,,,,,BL264270,BL265493,BL258305,,,,,,BL321283,BL329095,BL269082
,,,,,,,,,,BL266039,BL267890,,,,,,BL319085,,BL824236
,,,,,,,,,,BL265469,BL266023,,,,,,BL329095,,BL285485
,,,,,,,,,,BL270279,BL269186,,,,,,,,
,,,,,,,,,,BL263194,BL270353,,,,,,,,
,,,,,,,,,,BL269077,BL270329,,,,,,,,
,,,,,,,,,,BL269270,BL269464,,,,,,,,
,,,,,,,,,,BL269822,BL268829,,,,,,,,
,,,,,,,,,,BL269824,BL267931,,,,,,,,
,,,,,,,,,,BL269818,BL269604,,,,,,,,
,,,,,,,,,,BL269780,BL271539,,,,,,,,
,,,,,,,,,,BL268529,BL268576,,,,,,,,
,,,,,,,,,,BL272169,BL268010,,,,,,,,
,,,,,,,,,,,BL268255,,,,,,,,
,,,,,,,,,,,BL277400,,,,,,,,
,,,,,,,,,,,BL272169,,,,,,,,
,,,,,,,,,,,BL264277,,,,,,,,
,,,,,,,,,,,BL263096,,,,,,,,
,,,,,,,,,,,BL262090,,,,,,,,
,,,,,,,,,,,BL262450,,,,,,,,
,,,,,,,,,,,BL256250,,,,,,,,